image_path,label_idx,label_name
/kaggle/input/datasets/youssefnouiouar1/colorectal-cancer-histology-nct-crc-he-100k-and-7k/CRC-VAL-HE-7K/CRC-VAL-HE-7K/ADI/ADI-TCGA-CDAKCGRC.tif,0,ADI
/kaggle/input/datasets/youssefnouiouar1/colorectal-cancer-histology-nct-crc-he-100k-and-7k/CRC-VAL-HE-7K/CRC-VAL-HE-7K/ADI/ADI-TCGA-KIMGQMMV.tif,0,ADI
/kaggle/input/datasets/youssefnouiouar1/colorectal-cancer-histology-nct-crc-he-100k-and-7k/CRC-VAL-HE-7K/CRC-VAL-HE-7K/ADI/ADI-TCGA-DMARMGYG.tif,0,ADI
/kaggle/input/datasets/youssefnouiouar1/colorectal-cancer-histology-nct-crc-he-100k-and-7k/CRC-VAL-HE-7K/CRC-VAL-HE-7K/ADI/ADI-TCGA-IINMMNWI.tif,0,ADI
/kaggle/input/datasets/youssefnouiouar1/colorectal-cancer-histology-nct-crc-he-100k-and-7k/CRC-VAL-HE-7K/CRC-VAL-HE-7K/ADI/ADI-TCGA-EDSHLVGP.tif,0,ADI
/kaggle/input/datasets/youssefnouiouar1/colorectal-cancer-histology-nct-crc-he-100k-and-7k/CRC-VAL-HE-7K/CRC-VAL-HE-7K/ADI/ADI-TCGA-GKLWYTMF.tif,0,ADI
/kaggle/input/datasets/youssefnouiouar1/colorectal-cancer-histology-nct-crc-he-100k-and-7k/CRC-VAL-HE-7K/CRC-VAL-HE-7K/ADI/ADI-TCGA-HWPKGLLD.tif,0,ADI
/kaggle/input/datasets/youssefnouiouar1/colorectal-cancer-histology-nct-crc-he-100k-and-7k/CRC-VAL-HE-7K/CRC-VAL-HE-7K/ADI/ADI-TCGA-GPCDEESK.tif,0,ADI
/kaggle/input/datasets/youssefnouiouar1/colorectal-cancer-histology-nct-crc-he-100k-and-7k/CRC-VAL-HE-7K/CRC-VAL-HE-7K/ADI/ADI-TCGA-WKESVTRS.tif,0,ADI
/kaggle/input/datasets/youssefnouiouar1/colorectal-cancer-histology-nct-crc-he-100k-and-7k/CRC-VAL-HE-7K/CRC-VAL-HE-7K/ADI/ADI-TCGA-KGWISITI.tif,0,ADI
/kaggle/input/datasets/youssefnouiouar1/colorectal-cancer-histology-nct-crc-he-100k-and-7k/CRC-VAL-HE-7K/CRC-VAL-HE-7K/ADI/ADI-TCGA-FGDYWLNA.tif,0,ADI
/kaggle/input/datasets/youssefnouiouar1/colorectal-cancer-histology-nct-crc-he-100k-and-7k/CRC-VAL-HE-7K/CRC-VAL-HE-7K/ADI/ADI-TCGA-CQLFLFQF.tif,0,ADI
/kaggle/input/datasets/youssefnouiouar1/colorectal-cancer-histology-nct-crc-he-100k-and-7k/CRC-VAL-HE-7K/CRC-VAL-HE-7K/ADI/ADI-TCGA-ALLCGEAG.tif,0,ADI
/kaggle/input/datasets/youssefnouiouar1/colorectal-cancer-histology-nct-crc-he-100k-and-7k/CRC-VAL-HE-7K/CRC-VAL-HE-7K/ADI/ADI-TCGA-VCATHNMW.tif,0,ADI
/kaggle/input/datasets/youssefnouiouar1/colorectal-cancer-histology-nct-crc-he-100k-and-7k/CRC-VAL-HE-7K/CRC-VAL-HE-7K/ADI/ADI-TCGA-SPVPYAHD.tif,0,ADI
/kaggle/input/datasets/youssefnouiouar1/colorectal-cancer-histology-nct-crc-he-100k-and-7k/CRC-VAL-HE-7K/CRC-VAL-HE-7K/ADI/ADI-TCGA-QKGCVNPI.tif,0,ADI
/kaggle/input/datasets/youssefnouiouar1/colorectal-cancer-histology-nct-crc-he-100k-and-7k/CRC-VAL-HE-7K/CRC-VAL-HE-7K/ADI/ADI-TCGA-RRFVVHVV.tif,0,ADI
/kaggle/input/datasets/youssefnouiouar1/colorectal-cancer-histology-nct-crc-he-100k-and-7k/CRC-VAL-HE-7K/CRC-VAL-HE-7K/ADI/ADI-TCGA-HSYWIFQE.tif,0,ADI
/kaggle/input/datasets/youssefnouiouar1/colorectal-cancer-histology-nct-crc-he-100k-and-7k/CRC-VAL-HE-7K/CRC-VAL-HE-7K/ADI/ADI-TCGA-YQLMLGPQ.tif,0,ADI
/kaggle/input/datasets/youssefnouiouar1/colorectal-cancer-histology-nct-crc-he-100k-and-7k/CRC-VAL-HE-7K/CRC-VAL-HE-7K/ADI/ADI-TCGA-EKGIPQEQ.tif,0,ADI
/kaggle/input/datasets/youssefnouiouar1/colorectal-cancer-histology-nct-crc-he-100k-and-7k/CRC-VAL-HE-7K/CRC-VAL-HE-7K/ADI/ADI-TCGA-GIVHEYVM.tif,0,ADI
/kaggle/input/datasets/youssefnouiouar1/colorectal-cancer-histology-nct-crc-he-100k-and-7k/CRC-VAL-HE-7K/CRC-VAL-HE-7K/ADI/ADI-TCGA-FWYSDVRT.tif,0,ADI
/kaggle/input/datasets/youssefnouiouar1/colorectal-cancer-histology-nct-crc-he-100k-and-7k/CRC-VAL-HE-7K/CRC-VAL-HE-7K/ADI/ADI-TCGA-HWNCGYQE.tif,0,ADI
/kaggle/input/datasets/youssefnouiouar1/colorectal-cancer-histology-nct-crc-he-100k-and-7k/CRC-VAL-HE-7K/CRC-VAL-HE-7K/ADI/ADI-TCGA-NSSGRKTF.tif,0,ADI
/kaggle/input/datasets/youssefnouiouar1/colorectal-cancer-histology-nct-crc-he-100k-and-7k/CRC-VAL-HE-7K/CRC-VAL-HE-7K/ADI/ADI-TCGA-TYVEINHA.tif,0,ADI
/kaggle/input/datasets/youssefnouiouar1/colorectal-cancer-histology-nct-crc-he-100k-and-7k/CRC-VAL-HE-7K/CRC-VAL-HE-7K/ADI/ADI-TCGA-NFGCDRTW.tif,0,ADI
/kaggle/input/datasets/youssefnouiouar1/colorectal-cancer-histology-nct-crc-he-100k-and-7k/CRC-VAL-HE-7K/CRC-VAL-HE-7K/ADI/ADI-TCGA-HKEEYTAC.tif,0,ADI
/kaggle/input/datasets/youssefnouiouar1/colorectal-cancer-histology-nct-crc-he-100k-and-7k/CRC-VAL-HE-7K/CRC-VAL-HE-7K/ADI/ADI-TCGA-KWPFSIVG.tif,0,ADI
/kaggle/input/datasets/youssefnouiouar1/colorectal-cancer-histology-nct-crc-he-100k-and-7k/CRC-VAL-HE-7K/CRC-VAL-HE-7K/ADI/ADI-TCGA-FNDICFPT.tif,0,ADI
/kaggle/input/datasets/youssefnouiouar1/colorectal-cancer-histology-nct-crc-he-100k-and-7k/CRC-VAL-HE-7K/CRC-VAL-HE-7K/ADI/ADI-TCGA-NLRTACEF.tif,0,ADI
/kaggle/input/datasets/youssefnouiouar1/colorectal-cancer-histology-nct-crc-he-100k-and-7k/CRC-VAL-HE-7K/CRC-VAL-HE-7K/ADI/ADI-TCGA-CQIWCVFN.tif,0,ADI
/kaggle/input/datasets/youssefnouiouar1/colorectal-cancer-histology-nct-crc-he-100k-and-7k/CRC-VAL-HE-7K/CRC-VAL-HE-7K/ADI/ADI-TCGA-TIIWPMEV.tif,0,ADI
/kaggle/input/datasets/youssefnouiouar1/colorectal-cancer-histology-nct-crc-he-100k-and-7k/CRC-VAL-HE-7K/CRC-VAL-HE-7K/ADI/ADI-TCGA-ECCCPIIQ.tif,0,ADI
/kaggle/input/datasets/youssefnouiouar1/colorectal-cancer-histology-nct-crc-he-100k-and-7k/CRC-VAL-HE-7K/CRC-VAL-HE-7K/ADI/ADI-TCGA-NCLPTEHA.tif,0,ADI
/kaggle/input/datasets/youssefnouiouar1/colorectal-cancer-histology-nct-crc-he-100k-and-7k/CRC-VAL-HE-7K/CRC-VAL-HE-7K/ADI/ADI-TCGA-WHLMWLMY.tif,0,ADI
/kaggle/input/datasets/youssefnouiouar1/colorectal-cancer-histology-nct-crc-he-100k-and-7k/CRC-VAL-HE-7K/CRC-VAL-HE-7K/ADI/ADI-TCGA-KDFCMSSW.tif,0,ADI
/kaggle/input/datasets/youssefnouiouar1/colorectal-cancer-histology-nct-crc-he-100k-and-7k/CRC-VAL-HE-7K/CRC-VAL-HE-7K/ADI/ADI-TCGA-CTMHNCGF.tif,0,ADI
/kaggle/input/datasets/youssefnouiouar1/colorectal-cancer-histology-nct-crc-he-100k-and-7k/CRC-VAL-HE-7K/CRC-VAL-HE-7K/ADI/ADI-TCGA-CWEYLQIG.tif,0,ADI
/kaggle/input/datasets/youssefnouiouar1/colorectal-cancer-histology-nct-crc-he-100k-and-7k/CRC-VAL-HE-7K/CRC-VAL-HE-7K/ADI/ADI-TCGA-IMSLHTKV.tif,0,ADI
/kaggle/input/datasets/youssefnouiouar1/colorectal-cancer-histology-nct-crc-he-100k-and-7k/CRC-VAL-HE-7K/CRC-VAL-HE-7K/ADI/ADI-TCGA-WDVYVGRP.tif,0,ADI
/kaggle/input/datasets/youssefnouiouar1/colorectal-cancer-histology-nct-crc-he-100k-and-7k/CRC-VAL-HE-7K/CRC-VAL-HE-7K/ADI/ADI-TCGA-DFGTTFYR.tif,0,ADI
/kaggle/input/datasets/youssefnouiouar1/colorectal-cancer-histology-nct-crc-he-100k-and-7k/CRC-VAL-HE-7K/CRC-VAL-HE-7K/ADI/ADI-TCGA-HTCGCHQM.tif,0,ADI
/kaggle/input/datasets/youssefnouiouar1/colorectal-cancer-histology-nct-crc-he-100k-and-7k/CRC-VAL-HE-7K/CRC-VAL-HE-7K/ADI/ADI-TCGA-KRYNMWGT.tif,0,ADI
/kaggle/input/datasets/youssefnouiouar1/colorectal-cancer-histology-nct-crc-he-100k-and-7k/CRC-VAL-HE-7K/CRC-VAL-HE-7K/ADI/ADI-TCGA-KNVQACML.tif,0,ADI
/kaggle/input/datasets/youssefnouiouar1/colorectal-cancer-histology-nct-crc-he-100k-and-7k/CRC-VAL-HE-7K/CRC-VAL-HE-7K/ADI/ADI-TCGA-QFEWYLAR.tif,0,ADI
/kaggle/input/datasets/youssefnouiouar1/colorectal-cancer-histology-nct-crc-he-100k-and-7k/CRC-VAL-HE-7K/CRC-VAL-HE-7K/ADI/ADI-TCGA-LGSEAKTN.tif,0,ADI
/kaggle/input/datasets/youssefnouiouar1/colorectal-cancer-histology-nct-crc-he-100k-and-7k/CRC-VAL-HE-7K/CRC-VAL-HE-7K/ADI/ADI-TCGA-EIIVADWP.tif,0,ADI
/kaggle/input/datasets/youssefnouiouar1/colorectal-cancer-histology-nct-crc-he-100k-and-7k/CRC-VAL-HE-7K/CRC-VAL-HE-7K/ADI/ADI-TCGA-LHWSPAAH.tif,0,ADI
/kaggle/input/datasets/youssefnouiouar1/colorectal-cancer-histology-nct-crc-he-100k-and-7k/CRC-VAL-HE-7K/CRC-VAL-HE-7K/ADI/ADI-TCGA-NHCYMFVP.tif,0,ADI
/kaggle/input/datasets/youssefnouiouar1/colorectal-cancer-histology-nct-crc-he-100k-and-7k/CRC-VAL-HE-7K/CRC-VAL-HE-7K/ADI/ADI-TCGA-KLSCVGHC.tif,0,ADI
/kaggle/input/datasets/youssefnouiouar1/colorectal-cancer-histology-nct-crc-he-100k-and-7k/CRC-VAL-HE-7K/CRC-VAL-HE-7K/BACK/BACK-TCGA-ECSSYIMF.tif,1,BACK
/kaggle/input/datasets/youssefnouiouar1/colorectal-cancer-histology-nct-crc-he-100k-and-7k/CRC-VAL-HE-7K/CRC-VAL-HE-7K/BACK/BACK-TCGA-TANSPCFL.tif,1,BACK
/kaggle/input/datasets/youssefnouiouar1/colorectal-cancer-histology-nct-crc-he-100k-and-7k/CRC-VAL-HE-7K/CRC-VAL-HE-7K/BACK/BACK-TCGA-AEETAART.tif,1,BACK
/kaggle/input/datasets/youssefnouiouar1/colorectal-cancer-histology-nct-crc-he-100k-and-7k/CRC-VAL-HE-7K/CRC-VAL-HE-7K/BACK/BACK-TCGA-WDMRMFAQ.tif,1,BACK
/kaggle/input/datasets/youssefnouiouar1/colorectal-cancer-histology-nct-crc-he-100k-and-7k/CRC-VAL-HE-7K/CRC-VAL-HE-7K/BACK/BACK-TCGA-HMTCTFAL.tif,1,BACK
/kaggle/input/datasets/youssefnouiouar1/colorectal-cancer-histology-nct-crc-he-100k-and-7k/CRC-VAL-HE-7K/CRC-VAL-HE-7K/BACK/BACK-TCGA-WLIGWSTD.tif,1,BACK
/kaggle/input/datasets/youssefnouiouar1/colorectal-cancer-histology-nct-crc-he-100k-and-7k/CRC-VAL-HE-7K/CRC-VAL-HE-7K/BACK/BACK-TCGA-ECTFLQLS.tif,1,BACK
/kaggle/input/datasets/youssefnouiouar1/colorectal-cancer-histology-nct-crc-he-100k-and-7k/CRC-VAL-HE-7K/CRC-VAL-HE-7K/BACK/BACK-TCGA-TTSCPIWT.tif,1,BACK
/kaggle/input/datasets/youssefnouiouar1/colorectal-cancer-histology-nct-crc-he-100k-and-7k/CRC-VAL-HE-7K/CRC-VAL-HE-7K/BACK/BACK-TCGA-VHNPRSYD.tif,1,BACK
/kaggle/input/datasets/youssefnouiouar1/colorectal-cancer-histology-nct-crc-he-100k-and-7k/CRC-VAL-HE-7K/CRC-VAL-HE-7K/BACK/BACK-TCGA-PQEAGFNM.tif,1,BACK
/kaggle/input/datasets/youssefnouiouar1/colorectal-cancer-histology-nct-crc-he-100k-and-7k/CRC-VAL-HE-7K/CRC-VAL-HE-7K/BACK/BACK-TCGA-VWAVRTPS.tif,1,BACK
/kaggle/input/datasets/youssefnouiouar1/colorectal-cancer-histology-nct-crc-he-100k-and-7k/CRC-VAL-HE-7K/CRC-VAL-HE-7K/BACK/BACK-TCGA-VTFWWCFV.tif,1,BACK
/kaggle/input/datasets/youssefnouiouar1/colorectal-cancer-histology-nct-crc-he-100k-and-7k/CRC-VAL-HE-7K/CRC-VAL-HE-7K/BACK/BACK-TCGA-DTIKYNDW.tif,1,BACK
/kaggle/input/datasets/youssefnouiouar1/colorectal-cancer-histology-nct-crc-he-100k-and-7k/CRC-VAL-HE-7K/CRC-VAL-HE-7K/BACK/BACK-TCGA-WHIGFHSI.tif,1,BACK
/kaggle/input/datasets/youssefnouiouar1/colorectal-cancer-histology-nct-crc-he-100k-and-7k/CRC-VAL-HE-7K/CRC-VAL-HE-7K/BACK/BACK-TCGA-EQFFYVAW.tif,1,BACK
/kaggle/input/datasets/youssefnouiouar1/colorectal-cancer-histology-nct-crc-he-100k-and-7k/CRC-VAL-HE-7K/CRC-VAL-HE-7K/BACK/BACK-TCGA-QTQNHMQD.tif,1,BACK
/kaggle/input/datasets/youssefnouiouar1/colorectal-cancer-histology-nct-crc-he-100k-and-7k/CRC-VAL-HE-7K/CRC-VAL-HE-7K/BACK/BACK-TCGA-DECDPEMN.tif,1,BACK
/kaggle/input/datasets/youssefnouiouar1/colorectal-cancer-histology-nct-crc-he-100k-and-7k/CRC-VAL-HE-7K/CRC-VAL-HE-7K/BACK/BACK-TCGA-VHMVPIQN.tif,1,BACK
/kaggle/input/datasets/youssefnouiouar1/colorectal-cancer-histology-nct-crc-he-100k-and-7k/CRC-VAL-HE-7K/CRC-VAL-HE-7K/BACK/BACK-TCGA-RYNYGKII.tif,1,BACK
/kaggle/input/datasets/youssefnouiouar1/colorectal-cancer-histology-nct-crc-he-100k-and-7k/CRC-VAL-HE-7K/CRC-VAL-HE-7K/BACK/BACK-TCGA-CNGCTKDL.tif,1,BACK
/kaggle/input/datasets/youssefnouiouar1/colorectal-cancer-histology-nct-crc-he-100k-and-7k/CRC-VAL-HE-7K/CRC-VAL-HE-7K/BACK/BACK-TCGA-ITSELAAT.tif,1,BACK
/kaggle/input/datasets/youssefnouiouar1/colorectal-cancer-histology-nct-crc-he-100k-and-7k/CRC-VAL-HE-7K/CRC-VAL-HE-7K/BACK/BACK-TCGA-QNLIQAYY.tif,1,BACK
/kaggle/input/datasets/youssefnouiouar1/colorectal-cancer-histology-nct-crc-he-100k-and-7k/CRC-VAL-HE-7K/CRC-VAL-HE-7K/BACK/BACK-TCGA-KDYEFEEW.tif,1,BACK
/kaggle/input/datasets/youssefnouiouar1/colorectal-cancer-histology-nct-crc-he-100k-and-7k/CRC-VAL-HE-7K/CRC-VAL-HE-7K/BACK/BACK-TCGA-WFLSMRTT.tif,1,BACK
/kaggle/input/datasets/youssefnouiouar1/colorectal-cancer-histology-nct-crc-he-100k-and-7k/CRC-VAL-HE-7K/CRC-VAL-HE-7K/BACK/BACK-TCGA-VFMEVVGM.tif,1,BACK
/kaggle/input/datasets/youssefnouiouar1/colorectal-cancer-histology-nct-crc-he-100k-and-7k/CRC-VAL-HE-7K/CRC-VAL-HE-7K/BACK/BACK-TCGA-AYIAKTGW.tif,1,BACK
/kaggle/input/datasets/youssefnouiouar1/colorectal-cancer-histology-nct-crc-he-100k-and-7k/CRC-VAL-HE-7K/CRC-VAL-HE-7K/BACK/BACK-TCGA-VHFVLEPM.tif,1,BACK
/kaggle/input/datasets/youssefnouiouar1/colorectal-cancer-histology-nct-crc-he-100k-and-7k/CRC-VAL-HE-7K/CRC-VAL-HE-7K/BACK/BACK-TCGA-WYDSVENV.tif,1,BACK
/kaggle/input/datasets/youssefnouiouar1/colorectal-cancer-histology-nct-crc-he-100k-and-7k/CRC-VAL-HE-7K/CRC-VAL-HE-7K/BACK/BACK-TCGA-WDIPVDVA.tif,1,BACK
/kaggle/input/datasets/youssefnouiouar1/colorectal-cancer-histology-nct-crc-he-100k-and-7k/CRC-VAL-HE-7K/CRC-VAL-HE-7K/BACK/BACK-TCGA-EHPLYIFA.tif,1,BACK
/kaggle/input/datasets/youssefnouiouar1/colorectal-cancer-histology-nct-crc-he-100k-and-7k/CRC-VAL-HE-7K/CRC-VAL-HE-7K/BACK/BACK-TCGA-PEDFFTKM.tif,1,BACK
/kaggle/input/datasets/youssefnouiouar1/colorectal-cancer-histology-nct-crc-he-100k-and-7k/CRC-VAL-HE-7K/CRC-VAL-HE-7K/BACK/BACK-TCGA-NPHQWWDN.tif,1,BACK
/kaggle/input/datasets/youssefnouiouar1/colorectal-cancer-histology-nct-crc-he-100k-and-7k/CRC-VAL-HE-7K/CRC-VAL-HE-7K/BACK/BACK-TCGA-MKSWFESA.tif,1,BACK
/kaggle/input/datasets/youssefnouiouar1/colorectal-cancer-histology-nct-crc-he-100k-and-7k/CRC-VAL-HE-7K/CRC-VAL-HE-7K/BACK/BACK-TCGA-PQKPAMIE.tif,1,BACK
/kaggle/input/datasets/youssefnouiouar1/colorectal-cancer-histology-nct-crc-he-100k-and-7k/CRC-VAL-HE-7K/CRC-VAL-HE-7K/BACK/BACK-TCGA-YPRSENEM.tif,1,BACK
/kaggle/input/datasets/youssefnouiouar1/colorectal-cancer-histology-nct-crc-he-100k-and-7k/CRC-VAL-HE-7K/CRC-VAL-HE-7K/BACK/BACK-TCGA-QTVHGVCL.tif,1,BACK
/kaggle/input/datasets/youssefnouiouar1/colorectal-cancer-histology-nct-crc-he-100k-and-7k/CRC-VAL-HE-7K/CRC-VAL-HE-7K/BACK/BACK-TCGA-PWKFIMGI.tif,1,BACK
/kaggle/input/datasets/youssefnouiouar1/colorectal-cancer-histology-nct-crc-he-100k-and-7k/CRC-VAL-HE-7K/CRC-VAL-HE-7K/BACK/BACK-TCGA-WWHEHCLT.tif,1,BACK
/kaggle/input/datasets/youssefnouiouar1/colorectal-cancer-histology-nct-crc-he-100k-and-7k/CRC-VAL-HE-7K/CRC-VAL-HE-7K/BACK/BACK-TCGA-QENFEQCV.tif,1,BACK
/kaggle/input/datasets/youssefnouiouar1/colorectal-cancer-histology-nct-crc-he-100k-and-7k/CRC-VAL-HE-7K/CRC-VAL-HE-7K/BACK/BACK-TCGA-YFRVMWKV.tif,1,BACK
/kaggle/input/datasets/youssefnouiouar1/colorectal-cancer-histology-nct-crc-he-100k-and-7k/CRC-VAL-HE-7K/CRC-VAL-HE-7K/BACK/BACK-TCGA-LKTAGMGL.tif,1,BACK
/kaggle/input/datasets/youssefnouiouar1/colorectal-cancer-histology-nct-crc-he-100k-and-7k/CRC-VAL-HE-7K/CRC-VAL-HE-7K/BACK/BACK-TCGA-RHNFEVDH.tif,1,BACK
/kaggle/input/datasets/youssefnouiouar1/colorectal-cancer-histology-nct-crc-he-100k-and-7k/CRC-VAL-HE-7K/CRC-VAL-HE-7K/BACK/BACK-TCGA-IQCDRPFN.tif,1,BACK
/kaggle/input/datasets/youssefnouiouar1/colorectal-cancer-histology-nct-crc-he-100k-and-7k/CRC-VAL-HE-7K/CRC-VAL-HE-7K/BACK/BACK-TCGA-METGFRPA.tif,1,BACK
/kaggle/input/datasets/youssefnouiouar1/colorectal-cancer-histology-nct-crc-he-100k-and-7k/CRC-VAL-HE-7K/CRC-VAL-HE-7K/BACK/BACK-TCGA-MDAASAMI.tif,1,BACK
/kaggle/input/datasets/youssefnouiouar1/colorectal-cancer-histology-nct-crc-he-100k-and-7k/CRC-VAL-HE-7K/CRC-VAL-HE-7K/BACK/BACK-TCGA-KSWRICDV.tif,1,BACK
/kaggle/input/datasets/youssefnouiouar1/colorectal-cancer-histology-nct-crc-he-100k-and-7k/CRC-VAL-HE-7K/CRC-VAL-HE-7K/BACK/BACK-TCGA-GTNNVGQL.tif,1,BACK
/kaggle/input/datasets/youssefnouiouar1/colorectal-cancer-histology-nct-crc-he-100k-and-7k/CRC-VAL-HE-7K/CRC-VAL-HE-7K/BACK/BACK-TCGA-YGDQCPRI.tif,1,BACK
/kaggle/input/datasets/youssefnouiouar1/colorectal-cancer-histology-nct-crc-he-100k-and-7k/CRC-VAL-HE-7K/CRC-VAL-HE-7K/BACK/BACK-TCGA-MFYYAIRV.tif,1,BACK
/kaggle/input/datasets/youssefnouiouar1/colorectal-cancer-histology-nct-crc-he-100k-and-7k/CRC-VAL-HE-7K/CRC-VAL-HE-7K/BACK/BACK-TCGA-DWPQLIHS.tif,1,BACK
/kaggle/input/datasets/youssefnouiouar1/colorectal-cancer-histology-nct-crc-he-100k-and-7k/CRC-VAL-HE-7K/CRC-VAL-HE-7K/DEB/DEB-TCGA-MMLLDPHW.tif,2,DEB
/kaggle/input/datasets/youssefnouiouar1/colorectal-cancer-histology-nct-crc-he-100k-and-7k/CRC-VAL-HE-7K/CRC-VAL-HE-7K/DEB/DEB-TCGA-QLTMSPSI.tif,2,DEB
/kaggle/input/datasets/youssefnouiouar1/colorectal-cancer-histology-nct-crc-he-100k-and-7k/CRC-VAL-HE-7K/CRC-VAL-HE-7K/DEB/DEB-TCGA-MWHCQCKF.tif,2,DEB
/kaggle/input/datasets/youssefnouiouar1/colorectal-cancer-histology-nct-crc-he-100k-and-7k/CRC-VAL-HE-7K/CRC-VAL-HE-7K/DEB/DEB-TCGA-CPQTPDEC.tif,2,DEB
/kaggle/input/datasets/youssefnouiouar1/colorectal-cancer-histology-nct-crc-he-100k-and-7k/CRC-VAL-HE-7K/CRC-VAL-HE-7K/DEB/DEB-TCGA-VFLRIKDV.tif,2,DEB
/kaggle/input/datasets/youssefnouiouar1/colorectal-cancer-histology-nct-crc-he-100k-and-7k/CRC-VAL-HE-7K/CRC-VAL-HE-7K/DEB/DEB-TCGA-LVHEMHRE.tif,2,DEB
/kaggle/input/datasets/youssefnouiouar1/colorectal-cancer-histology-nct-crc-he-100k-and-7k/CRC-VAL-HE-7K/CRC-VAL-HE-7K/DEB/DEB-TCGA-VWNDTFIA.tif,2,DEB
/kaggle/input/datasets/youssefnouiouar1/colorectal-cancer-histology-nct-crc-he-100k-and-7k/CRC-VAL-HE-7K/CRC-VAL-HE-7K/DEB/DEB-TCGA-GVKLFYRV.tif,2,DEB
/kaggle/input/datasets/youssefnouiouar1/colorectal-cancer-histology-nct-crc-he-100k-and-7k/CRC-VAL-HE-7K/CRC-VAL-HE-7K/DEB/DEB-TCGA-QFDYQTPI.tif,2,DEB
/kaggle/input/datasets/youssefnouiouar1/colorectal-cancer-histology-nct-crc-he-100k-and-7k/CRC-VAL-HE-7K/CRC-VAL-HE-7K/DEB/DEB-TCGA-EKYADFPP.tif,2,DEB
/kaggle/input/datasets/youssefnouiouar1/colorectal-cancer-histology-nct-crc-he-100k-and-7k/CRC-VAL-HE-7K/CRC-VAL-HE-7K/DEB/DEB-TCGA-ADCHTGEE.tif,2,DEB
/kaggle/input/datasets/youssefnouiouar1/colorectal-cancer-histology-nct-crc-he-100k-and-7k/CRC-VAL-HE-7K/CRC-VAL-HE-7K/DEB/DEB-TCGA-ETLRKKNE.tif,2,DEB
/kaggle/input/datasets/youssefnouiouar1/colorectal-cancer-histology-nct-crc-he-100k-and-7k/CRC-VAL-HE-7K/CRC-VAL-HE-7K/DEB/DEB-TCGA-VGHTSEKY.tif,2,DEB
/kaggle/input/datasets/youssefnouiouar1/colorectal-cancer-histology-nct-crc-he-100k-and-7k/CRC-VAL-HE-7K/CRC-VAL-HE-7K/DEB/DEB-TCGA-EVPNFEFY.tif,2,DEB
/kaggle/input/datasets/youssefnouiouar1/colorectal-cancer-histology-nct-crc-he-100k-and-7k/CRC-VAL-HE-7K/CRC-VAL-HE-7K/DEB/DEB-TCGA-KIWNQWTR.tif,2,DEB
/kaggle/input/datasets/youssefnouiouar1/colorectal-cancer-histology-nct-crc-he-100k-and-7k/CRC-VAL-HE-7K/CRC-VAL-HE-7K/DEB/DEB-TCGA-KGFWTCDW.tif,2,DEB
/kaggle/input/datasets/youssefnouiouar1/colorectal-cancer-histology-nct-crc-he-100k-and-7k/CRC-VAL-HE-7K/CRC-VAL-HE-7K/DEB/DEB-TCGA-TPSQQFMK.tif,2,DEB
/kaggle/input/datasets/youssefnouiouar1/colorectal-cancer-histology-nct-crc-he-100k-and-7k/CRC-VAL-HE-7K/CRC-VAL-HE-7K/DEB/DEB-TCGA-FGNDPKST.tif,2,DEB
/kaggle/input/datasets/youssefnouiouar1/colorectal-cancer-histology-nct-crc-he-100k-and-7k/CRC-VAL-HE-7K/CRC-VAL-HE-7K/DEB/DEB-TCGA-KYDSQECN.tif,2,DEB
/kaggle/input/datasets/youssefnouiouar1/colorectal-cancer-histology-nct-crc-he-100k-and-7k/CRC-VAL-HE-7K/CRC-VAL-HE-7K/DEB/DEB-TCGA-QFFCWDDE.tif,2,DEB
/kaggle/input/datasets/youssefnouiouar1/colorectal-cancer-histology-nct-crc-he-100k-and-7k/CRC-VAL-HE-7K/CRC-VAL-HE-7K/DEB/DEB-TCGA-DCCLEIRG.tif,2,DEB
/kaggle/input/datasets/youssefnouiouar1/colorectal-cancer-histology-nct-crc-he-100k-and-7k/CRC-VAL-HE-7K/CRC-VAL-HE-7K/DEB/DEB-TCGA-VSAEWGAK.tif,2,DEB
/kaggle/input/datasets/youssefnouiouar1/colorectal-cancer-histology-nct-crc-he-100k-and-7k/CRC-VAL-HE-7K/CRC-VAL-HE-7K/DEB/DEB-TCGA-KPCEEVYY.tif,2,DEB
/kaggle/input/datasets/youssefnouiouar1/colorectal-cancer-histology-nct-crc-he-100k-and-7k/CRC-VAL-HE-7K/CRC-VAL-HE-7K/DEB/DEB-TCGA-NWGSDFSY.tif,2,DEB
/kaggle/input/datasets/youssefnouiouar1/colorectal-cancer-histology-nct-crc-he-100k-and-7k/CRC-VAL-HE-7K/CRC-VAL-HE-7K/DEB/DEB-TCGA-IIKMVKEH.tif,2,DEB
/kaggle/input/datasets/youssefnouiouar1/colorectal-cancer-histology-nct-crc-he-100k-and-7k/CRC-VAL-HE-7K/CRC-VAL-HE-7K/DEB/DEB-TCGA-MLCATRTR.tif,2,DEB
/kaggle/input/datasets/youssefnouiouar1/colorectal-cancer-histology-nct-crc-he-100k-and-7k/CRC-VAL-HE-7K/CRC-VAL-HE-7K/DEB/DEB-TCGA-HKPQTFQH.tif,2,DEB
/kaggle/input/datasets/youssefnouiouar1/colorectal-cancer-histology-nct-crc-he-100k-and-7k/CRC-VAL-HE-7K/CRC-VAL-HE-7K/DEB/DEB-TCGA-ARIHITHS.tif,2,DEB
/kaggle/input/datasets/youssefnouiouar1/colorectal-cancer-histology-nct-crc-he-100k-and-7k/CRC-VAL-HE-7K/CRC-VAL-HE-7K/DEB/DEB-TCGA-MTGQYMMI.tif,2,DEB
/kaggle/input/datasets/youssefnouiouar1/colorectal-cancer-histology-nct-crc-he-100k-and-7k/CRC-VAL-HE-7K/CRC-VAL-HE-7K/DEB/DEB-TCGA-SGCCFAAG.tif,2,DEB
/kaggle/input/datasets/youssefnouiouar1/colorectal-cancer-histology-nct-crc-he-100k-and-7k/CRC-VAL-HE-7K/CRC-VAL-HE-7K/DEB/DEB-TCGA-TTSEDLPG.tif,2,DEB
/kaggle/input/datasets/youssefnouiouar1/colorectal-cancer-histology-nct-crc-he-100k-and-7k/CRC-VAL-HE-7K/CRC-VAL-HE-7K/DEB/DEB-TCGA-RNNKNWPR.tif,2,DEB
/kaggle/input/datasets/youssefnouiouar1/colorectal-cancer-histology-nct-crc-he-100k-and-7k/CRC-VAL-HE-7K/CRC-VAL-HE-7K/DEB/DEB-TCGA-THPVTKFS.tif,2,DEB
/kaggle/input/datasets/youssefnouiouar1/colorectal-cancer-histology-nct-crc-he-100k-and-7k/CRC-VAL-HE-7K/CRC-VAL-HE-7K/DEB/DEB-TCGA-QCQAALNM.tif,2,DEB
/kaggle/input/datasets/youssefnouiouar1/colorectal-cancer-histology-nct-crc-he-100k-and-7k/CRC-VAL-HE-7K/CRC-VAL-HE-7K/DEB/DEB-TCGA-CQFNDHFK.tif,2,DEB
/kaggle/input/datasets/youssefnouiouar1/colorectal-cancer-histology-nct-crc-he-100k-and-7k/CRC-VAL-HE-7K/CRC-VAL-HE-7K/DEB/DEB-TCGA-HMPTHRQC.tif,2,DEB
/kaggle/input/datasets/youssefnouiouar1/colorectal-cancer-histology-nct-crc-he-100k-and-7k/CRC-VAL-HE-7K/CRC-VAL-HE-7K/DEB/DEB-TCGA-YNNNDMCN.tif,2,DEB
/kaggle/input/datasets/youssefnouiouar1/colorectal-cancer-histology-nct-crc-he-100k-and-7k/CRC-VAL-HE-7K/CRC-VAL-HE-7K/DEB/DEB-TCGA-NGHYSHVI.tif,2,DEB
/kaggle/input/datasets/youssefnouiouar1/colorectal-cancer-histology-nct-crc-he-100k-and-7k/CRC-VAL-HE-7K/CRC-VAL-HE-7K/DEB/DEB-TCGA-SVKLYYNR.tif,2,DEB
/kaggle/input/datasets/youssefnouiouar1/colorectal-cancer-histology-nct-crc-he-100k-and-7k/CRC-VAL-HE-7K/CRC-VAL-HE-7K/DEB/DEB-TCGA-GLNMKPRC.tif,2,DEB
/kaggle/input/datasets/youssefnouiouar1/colorectal-cancer-histology-nct-crc-he-100k-and-7k/CRC-VAL-HE-7K/CRC-VAL-HE-7K/DEB/DEB-TCGA-QYVKKHNC.tif,2,DEB
/kaggle/input/datasets/youssefnouiouar1/colorectal-cancer-histology-nct-crc-he-100k-and-7k/CRC-VAL-HE-7K/CRC-VAL-HE-7K/DEB/DEB-TCGA-KGKECHYC.tif,2,DEB
/kaggle/input/datasets/youssefnouiouar1/colorectal-cancer-histology-nct-crc-he-100k-and-7k/CRC-VAL-HE-7K/CRC-VAL-HE-7K/DEB/DEB-TCGA-YLHQSFMR.tif,2,DEB
/kaggle/input/datasets/youssefnouiouar1/colorectal-cancer-histology-nct-crc-he-100k-and-7k/CRC-VAL-HE-7K/CRC-VAL-HE-7K/DEB/DEB-TCGA-ERQIPLTL.tif,2,DEB
/kaggle/input/datasets/youssefnouiouar1/colorectal-cancer-histology-nct-crc-he-100k-and-7k/CRC-VAL-HE-7K/CRC-VAL-HE-7K/DEB/DEB-TCGA-TSWYKMMA.tif,2,DEB
/kaggle/input/datasets/youssefnouiouar1/colorectal-cancer-histology-nct-crc-he-100k-and-7k/CRC-VAL-HE-7K/CRC-VAL-HE-7K/DEB/DEB-TCGA-PDVIADPM.tif,2,DEB
/kaggle/input/datasets/youssefnouiouar1/colorectal-cancer-histology-nct-crc-he-100k-and-7k/CRC-VAL-HE-7K/CRC-VAL-HE-7K/DEB/DEB-TCGA-SVKCTEQN.tif,2,DEB
/kaggle/input/datasets/youssefnouiouar1/colorectal-cancer-histology-nct-crc-he-100k-and-7k/CRC-VAL-HE-7K/CRC-VAL-HE-7K/DEB/DEB-TCGA-ELQCHHTQ.tif,2,DEB
/kaggle/input/datasets/youssefnouiouar1/colorectal-cancer-histology-nct-crc-he-100k-and-7k/CRC-VAL-HE-7K/CRC-VAL-HE-7K/DEB/DEB-TCGA-STVTTPYC.tif,2,DEB
/kaggle/input/datasets/youssefnouiouar1/colorectal-cancer-histology-nct-crc-he-100k-and-7k/CRC-VAL-HE-7K/CRC-VAL-HE-7K/DEB/DEB-TCGA-VYGFGPNQ.tif,2,DEB
/kaggle/input/datasets/youssefnouiouar1/colorectal-cancer-histology-nct-crc-he-100k-and-7k/CRC-VAL-HE-7K/CRC-VAL-HE-7K/LYM/LYM-TCGA-GPERNIIR.tif,3,LYM
/kaggle/input/datasets/youssefnouiouar1/colorectal-cancer-histology-nct-crc-he-100k-and-7k/CRC-VAL-HE-7K/CRC-VAL-HE-7K/LYM/LYM-TCGA-WENPQGHN.tif,3,LYM
/kaggle/input/datasets/youssefnouiouar1/colorectal-cancer-histology-nct-crc-he-100k-and-7k/CRC-VAL-HE-7K/CRC-VAL-HE-7K/LYM/LYM-TCGA-MDKEPPHR.tif,3,LYM
/kaggle/input/datasets/youssefnouiouar1/colorectal-cancer-histology-nct-crc-he-100k-and-7k/CRC-VAL-HE-7K/CRC-VAL-HE-7K/LYM/LYM-TCGA-YPLNWVSA.tif,3,LYM
/kaggle/input/datasets/youssefnouiouar1/colorectal-cancer-histology-nct-crc-he-100k-and-7k/CRC-VAL-HE-7K/CRC-VAL-HE-7K/LYM/LYM-TCGA-MEYWEMSM.tif,3,LYM
/kaggle/input/datasets/youssefnouiouar1/colorectal-cancer-histology-nct-crc-he-100k-and-7k/CRC-VAL-HE-7K/CRC-VAL-HE-7K/LYM/LYM-TCGA-GYIGSKGC.tif,3,LYM
/kaggle/input/datasets/youssefnouiouar1/colorectal-cancer-histology-nct-crc-he-100k-and-7k/CRC-VAL-HE-7K/CRC-VAL-HE-7K/LYM/LYM-TCGA-VQMLRMII.tif,3,LYM
/kaggle/input/datasets/youssefnouiouar1/colorectal-cancer-histology-nct-crc-he-100k-and-7k/CRC-VAL-HE-7K/CRC-VAL-HE-7K/LYM/LYM-TCGA-VCQVVCGD.tif,3,LYM
/kaggle/input/datasets/youssefnouiouar1/colorectal-cancer-histology-nct-crc-he-100k-and-7k/CRC-VAL-HE-7K/CRC-VAL-HE-7K/LYM/LYM-TCGA-FAYGMAMF.tif,3,LYM
/kaggle/input/datasets/youssefnouiouar1/colorectal-cancer-histology-nct-crc-he-100k-and-7k/CRC-VAL-HE-7K/CRC-VAL-HE-7K/LYM/LYM-TCGA-YHCYQQSA.tif,3,LYM
/kaggle/input/datasets/youssefnouiouar1/colorectal-cancer-histology-nct-crc-he-100k-and-7k/CRC-VAL-HE-7K/CRC-VAL-HE-7K/LYM/LYM-TCGA-LEGFSVRN.tif,3,LYM
/kaggle/input/datasets/youssefnouiouar1/colorectal-cancer-histology-nct-crc-he-100k-and-7k/CRC-VAL-HE-7K/CRC-VAL-HE-7K/LYM/LYM-TCGA-CAEDDRKH.tif,3,LYM
/kaggle/input/datasets/youssefnouiouar1/colorectal-cancer-histology-nct-crc-he-100k-and-7k/CRC-VAL-HE-7K/CRC-VAL-HE-7K/LYM/LYM-TCGA-PTVGMTDR.tif,3,LYM
/kaggle/input/datasets/youssefnouiouar1/colorectal-cancer-histology-nct-crc-he-100k-and-7k/CRC-VAL-HE-7K/CRC-VAL-HE-7K/LYM/LYM-TCGA-FDVFNDMG.tif,3,LYM
/kaggle/input/datasets/youssefnouiouar1/colorectal-cancer-histology-nct-crc-he-100k-and-7k/CRC-VAL-HE-7K/CRC-VAL-HE-7K/LYM/LYM-TCGA-EIVFDCRI.tif,3,LYM
/kaggle/input/datasets/youssefnouiouar1/colorectal-cancer-histology-nct-crc-he-100k-and-7k/CRC-VAL-HE-7K/CRC-VAL-HE-7K/LYM/LYM-TCGA-NPKSQRGE.tif,3,LYM
/kaggle/input/datasets/youssefnouiouar1/colorectal-cancer-histology-nct-crc-he-100k-and-7k/CRC-VAL-HE-7K/CRC-VAL-HE-7K/LYM/LYM-TCGA-FFHIGWEN.tif,3,LYM
/kaggle/input/datasets/youssefnouiouar1/colorectal-cancer-histology-nct-crc-he-100k-and-7k/CRC-VAL-HE-7K/CRC-VAL-HE-7K/LYM/LYM-TCGA-TNKVARYG.tif,3,LYM
/kaggle/input/datasets/youssefnouiouar1/colorectal-cancer-histology-nct-crc-he-100k-and-7k/CRC-VAL-HE-7K/CRC-VAL-HE-7K/LYM/LYM-TCGA-RWTLLGVQ.tif,3,LYM
/kaggle/input/datasets/youssefnouiouar1/colorectal-cancer-histology-nct-crc-he-100k-and-7k/CRC-VAL-HE-7K/CRC-VAL-HE-7K/LYM/LYM-TCGA-EHWAHNSP.tif,3,LYM
/kaggle/input/datasets/youssefnouiouar1/colorectal-cancer-histology-nct-crc-he-100k-and-7k/CRC-VAL-HE-7K/CRC-VAL-HE-7K/LYM/LYM-TCGA-RYKCAWFN.tif,3,LYM
/kaggle/input/datasets/youssefnouiouar1/colorectal-cancer-histology-nct-crc-he-100k-and-7k/CRC-VAL-HE-7K/CRC-VAL-HE-7K/LYM/LYM-TCGA-REYYSFEH.tif,3,LYM
/kaggle/input/datasets/youssefnouiouar1/colorectal-cancer-histology-nct-crc-he-100k-and-7k/CRC-VAL-HE-7K/CRC-VAL-HE-7K/LYM/LYM-TCGA-CVRKSHAG.tif,3,LYM
/kaggle/input/datasets/youssefnouiouar1/colorectal-cancer-histology-nct-crc-he-100k-and-7k/CRC-VAL-HE-7K/CRC-VAL-HE-7K/LYM/LYM-TCGA-CQILCVMC.tif,3,LYM
/kaggle/input/datasets/youssefnouiouar1/colorectal-cancer-histology-nct-crc-he-100k-and-7k/CRC-VAL-HE-7K/CRC-VAL-HE-7K/LYM/LYM-TCGA-AMFHCKKC.tif,3,LYM
/kaggle/input/datasets/youssefnouiouar1/colorectal-cancer-histology-nct-crc-he-100k-and-7k/CRC-VAL-HE-7K/CRC-VAL-HE-7K/LYM/LYM-TCGA-SLWLMKTY.tif,3,LYM
/kaggle/input/datasets/youssefnouiouar1/colorectal-cancer-histology-nct-crc-he-100k-and-7k/CRC-VAL-HE-7K/CRC-VAL-HE-7K/LYM/LYM-TCGA-IECEKRQE.tif,3,LYM
/kaggle/input/datasets/youssefnouiouar1/colorectal-cancer-histology-nct-crc-he-100k-and-7k/CRC-VAL-HE-7K/CRC-VAL-HE-7K/LYM/LYM-TCGA-EHRWEIFM.tif,3,LYM
/kaggle/input/datasets/youssefnouiouar1/colorectal-cancer-histology-nct-crc-he-100k-and-7k/CRC-VAL-HE-7K/CRC-VAL-HE-7K/LYM/LYM-TCGA-SFQDGLFR.tif,3,LYM
/kaggle/input/datasets/youssefnouiouar1/colorectal-cancer-histology-nct-crc-he-100k-and-7k/CRC-VAL-HE-7K/CRC-VAL-HE-7K/LYM/LYM-TCGA-EMDVYITM.tif,3,LYM
/kaggle/input/datasets/youssefnouiouar1/colorectal-cancer-histology-nct-crc-he-100k-and-7k/CRC-VAL-HE-7K/CRC-VAL-HE-7K/LYM/LYM-TCGA-TAIHSRSC.tif,3,LYM
/kaggle/input/datasets/youssefnouiouar1/colorectal-cancer-histology-nct-crc-he-100k-and-7k/CRC-VAL-HE-7K/CRC-VAL-HE-7K/LYM/LYM-TCGA-DYHFSCAG.tif,3,LYM
/kaggle/input/datasets/youssefnouiouar1/colorectal-cancer-histology-nct-crc-he-100k-and-7k/CRC-VAL-HE-7K/CRC-VAL-HE-7K/LYM/LYM-TCGA-CCWCKSFW.tif,3,LYM
/kaggle/input/datasets/youssefnouiouar1/colorectal-cancer-histology-nct-crc-he-100k-and-7k/CRC-VAL-HE-7K/CRC-VAL-HE-7K/LYM/LYM-TCGA-LQHWPNTT.tif,3,LYM
/kaggle/input/datasets/youssefnouiouar1/colorectal-cancer-histology-nct-crc-he-100k-and-7k/CRC-VAL-HE-7K/CRC-VAL-HE-7K/LYM/LYM-TCGA-EGMNVDSW.tif,3,LYM
/kaggle/input/datasets/youssefnouiouar1/colorectal-cancer-histology-nct-crc-he-100k-and-7k/CRC-VAL-HE-7K/CRC-VAL-HE-7K/LYM/LYM-TCGA-DLGRFGMQ.tif,3,LYM
/kaggle/input/datasets/youssefnouiouar1/colorectal-cancer-histology-nct-crc-he-100k-and-7k/CRC-VAL-HE-7K/CRC-VAL-HE-7K/LYM/LYM-TCGA-TRTYVPPV.tif,3,LYM
/kaggle/input/datasets/youssefnouiouar1/colorectal-cancer-histology-nct-crc-he-100k-and-7k/CRC-VAL-HE-7K/CRC-VAL-HE-7K/LYM/LYM-TCGA-QINHVGDY.tif,3,LYM
/kaggle/input/datasets/youssefnouiouar1/colorectal-cancer-histology-nct-crc-he-100k-and-7k/CRC-VAL-HE-7K/CRC-VAL-HE-7K/LYM/LYM-TCGA-QFSNSIPW.tif,3,LYM
/kaggle/input/datasets/youssefnouiouar1/colorectal-cancer-histology-nct-crc-he-100k-and-7k/CRC-VAL-HE-7K/CRC-VAL-HE-7K/LYM/LYM-TCGA-HFMLRNTR.tif,3,LYM
/kaggle/input/datasets/youssefnouiouar1/colorectal-cancer-histology-nct-crc-he-100k-and-7k/CRC-VAL-HE-7K/CRC-VAL-HE-7K/LYM/LYM-TCGA-LADHSCGD.tif,3,LYM
/kaggle/input/datasets/youssefnouiouar1/colorectal-cancer-histology-nct-crc-he-100k-and-7k/CRC-VAL-HE-7K/CRC-VAL-HE-7K/LYM/LYM-TCGA-WQLGMIGT.tif,3,LYM
/kaggle/input/datasets/youssefnouiouar1/colorectal-cancer-histology-nct-crc-he-100k-and-7k/CRC-VAL-HE-7K/CRC-VAL-HE-7K/LYM/LYM-TCGA-MNSAYEVE.tif,3,LYM
/kaggle/input/datasets/youssefnouiouar1/colorectal-cancer-histology-nct-crc-he-100k-and-7k/CRC-VAL-HE-7K/CRC-VAL-HE-7K/LYM/LYM-TCGA-MFYIIRLF.tif,3,LYM
/kaggle/input/datasets/youssefnouiouar1/colorectal-cancer-histology-nct-crc-he-100k-and-7k/CRC-VAL-HE-7K/CRC-VAL-HE-7K/LYM/LYM-TCGA-AFIDYMYA.tif,3,LYM
/kaggle/input/datasets/youssefnouiouar1/colorectal-cancer-histology-nct-crc-he-100k-and-7k/CRC-VAL-HE-7K/CRC-VAL-HE-7K/LYM/LYM-TCGA-CNVPMISH.tif,3,LYM
/kaggle/input/datasets/youssefnouiouar1/colorectal-cancer-histology-nct-crc-he-100k-and-7k/CRC-VAL-HE-7K/CRC-VAL-HE-7K/LYM/LYM-TCGA-LLVPYGDW.tif,3,LYM
/kaggle/input/datasets/youssefnouiouar1/colorectal-cancer-histology-nct-crc-he-100k-and-7k/CRC-VAL-HE-7K/CRC-VAL-HE-7K/LYM/LYM-TCGA-RALCCVKA.tif,3,LYM
/kaggle/input/datasets/youssefnouiouar1/colorectal-cancer-histology-nct-crc-he-100k-and-7k/CRC-VAL-HE-7K/CRC-VAL-HE-7K/LYM/LYM-TCGA-FQKCEPFL.tif,3,LYM
/kaggle/input/datasets/youssefnouiouar1/colorectal-cancer-histology-nct-crc-he-100k-and-7k/CRC-VAL-HE-7K/CRC-VAL-HE-7K/LYM/LYM-TCGA-FWWTMGAG.tif,3,LYM
/kaggle/input/datasets/youssefnouiouar1/colorectal-cancer-histology-nct-crc-he-100k-and-7k/CRC-VAL-HE-7K/CRC-VAL-HE-7K/MUC/MUC-TCGA-TPWTCDWW.tif,4,MUC
/kaggle/input/datasets/youssefnouiouar1/colorectal-cancer-histology-nct-crc-he-100k-and-7k/CRC-VAL-HE-7K/CRC-VAL-HE-7K/MUC/MUC-TCGA-TVEFEGLW.tif,4,MUC
/kaggle/input/datasets/youssefnouiouar1/colorectal-cancer-histology-nct-crc-he-100k-and-7k/CRC-VAL-HE-7K/CRC-VAL-HE-7K/MUC/MUC-TCGA-CFQTHFME.tif,4,MUC
/kaggle/input/datasets/youssefnouiouar1/colorectal-cancer-histology-nct-crc-he-100k-and-7k/CRC-VAL-HE-7K/CRC-VAL-HE-7K/MUC/MUC-TCGA-EAEVGGDD.tif,4,MUC
/kaggle/input/datasets/youssefnouiouar1/colorectal-cancer-histology-nct-crc-he-100k-and-7k/CRC-VAL-HE-7K/CRC-VAL-HE-7K/MUC/MUC-TCGA-TAYDCYET.tif,4,MUC
/kaggle/input/datasets/youssefnouiouar1/colorectal-cancer-histology-nct-crc-he-100k-and-7k/CRC-VAL-HE-7K/CRC-VAL-HE-7K/MUC/MUC-TCGA-KHTKNTIW.tif,4,MUC
/kaggle/input/datasets/youssefnouiouar1/colorectal-cancer-histology-nct-crc-he-100k-and-7k/CRC-VAL-HE-7K/CRC-VAL-HE-7K/MUC/MUC-TCGA-KGGQINNF.tif,4,MUC
/kaggle/input/datasets/youssefnouiouar1/colorectal-cancer-histology-nct-crc-he-100k-and-7k/CRC-VAL-HE-7K/CRC-VAL-HE-7K/MUC/MUC-TCGA-FYEPPFHG.tif,4,MUC
/kaggle/input/datasets/youssefnouiouar1/colorectal-cancer-histology-nct-crc-he-100k-and-7k/CRC-VAL-HE-7K/CRC-VAL-HE-7K/MUC/MUC-TCGA-VDNKPEAP.tif,4,MUC
/kaggle/input/datasets/youssefnouiouar1/colorectal-cancer-histology-nct-crc-he-100k-and-7k/CRC-VAL-HE-7K/CRC-VAL-HE-7K/MUC/MUC-TCGA-GARIDRVP.tif,4,MUC
/kaggle/input/datasets/youssefnouiouar1/colorectal-cancer-histology-nct-crc-he-100k-and-7k/CRC-VAL-HE-7K/CRC-VAL-HE-7K/MUC/MUC-TCGA-PKVWMWVA.tif,4,MUC
/kaggle/input/datasets/youssefnouiouar1/colorectal-cancer-histology-nct-crc-he-100k-and-7k/CRC-VAL-HE-7K/CRC-VAL-HE-7K/MUC/MUC-TCGA-APSRLDNM.tif,4,MUC
/kaggle/input/datasets/youssefnouiouar1/colorectal-cancer-histology-nct-crc-he-100k-and-7k/CRC-VAL-HE-7K/CRC-VAL-HE-7K/MUC/MUC-TCGA-TKDDPPAE.tif,4,MUC
/kaggle/input/datasets/youssefnouiouar1/colorectal-cancer-histology-nct-crc-he-100k-and-7k/CRC-VAL-HE-7K/CRC-VAL-HE-7K/MUC/MUC-TCGA-AGQSLACT.tif,4,MUC
/kaggle/input/datasets/youssefnouiouar1/colorectal-cancer-histology-nct-crc-he-100k-and-7k/CRC-VAL-HE-7K/CRC-VAL-HE-7K/MUC/MUC-TCGA-CTVIMGGD.tif,4,MUC
/kaggle/input/datasets/youssefnouiouar1/colorectal-cancer-histology-nct-crc-he-100k-and-7k/CRC-VAL-HE-7K/CRC-VAL-HE-7K/MUC/MUC-TCGA-IIPEIVQH.tif,4,MUC
/kaggle/input/datasets/youssefnouiouar1/colorectal-cancer-histology-nct-crc-he-100k-and-7k/CRC-VAL-HE-7K/CRC-VAL-HE-7K/MUC/MUC-TCGA-GPYYGLIP.tif,4,MUC
/kaggle/input/datasets/youssefnouiouar1/colorectal-cancer-histology-nct-crc-he-100k-and-7k/CRC-VAL-HE-7K/CRC-VAL-HE-7K/MUC/MUC-TCGA-DVGVCNQH.tif,4,MUC
/kaggle/input/datasets/youssefnouiouar1/colorectal-cancer-histology-nct-crc-he-100k-and-7k/CRC-VAL-HE-7K/CRC-VAL-HE-7K/MUC/MUC-TCGA-LLSGTRDM.tif,4,MUC
/kaggle/input/datasets/youssefnouiouar1/colorectal-cancer-histology-nct-crc-he-100k-and-7k/CRC-VAL-HE-7K/CRC-VAL-HE-7K/MUC/MUC-TCGA-IYCYYIHS.tif,4,MUC
/kaggle/input/datasets/youssefnouiouar1/colorectal-cancer-histology-nct-crc-he-100k-and-7k/CRC-VAL-HE-7K/CRC-VAL-HE-7K/MUC/MUC-TCGA-QEGGCIGN.tif,4,MUC
/kaggle/input/datasets/youssefnouiouar1/colorectal-cancer-histology-nct-crc-he-100k-and-7k/CRC-VAL-HE-7K/CRC-VAL-HE-7K/MUC/MUC-TCGA-LAEETDKF.tif,4,MUC
/kaggle/input/datasets/youssefnouiouar1/colorectal-cancer-histology-nct-crc-he-100k-and-7k/CRC-VAL-HE-7K/CRC-VAL-HE-7K/MUC/MUC-TCGA-PSTWYEMG.tif,4,MUC
/kaggle/input/datasets/youssefnouiouar1/colorectal-cancer-histology-nct-crc-he-100k-and-7k/CRC-VAL-HE-7K/CRC-VAL-HE-7K/MUC/MUC-TCGA-AQILEHRS.tif,4,MUC
/kaggle/input/datasets/youssefnouiouar1/colorectal-cancer-histology-nct-crc-he-100k-and-7k/CRC-VAL-HE-7K/CRC-VAL-HE-7K/MUC/MUC-TCGA-TKMRLQLY.tif,4,MUC
/kaggle/input/datasets/youssefnouiouar1/colorectal-cancer-histology-nct-crc-he-100k-and-7k/CRC-VAL-HE-7K/CRC-VAL-HE-7K/MUC/MUC-TCGA-KMAVCNML.tif,4,MUC
/kaggle/input/datasets/youssefnouiouar1/colorectal-cancer-histology-nct-crc-he-100k-and-7k/CRC-VAL-HE-7K/CRC-VAL-HE-7K/MUC/MUC-TCGA-YIEELHID.tif,4,MUC
/kaggle/input/datasets/youssefnouiouar1/colorectal-cancer-histology-nct-crc-he-100k-and-7k/CRC-VAL-HE-7K/CRC-VAL-HE-7K/MUC/MUC-TCGA-CTKYYMMS.tif,4,MUC
/kaggle/input/datasets/youssefnouiouar1/colorectal-cancer-histology-nct-crc-he-100k-and-7k/CRC-VAL-HE-7K/CRC-VAL-HE-7K/MUC/MUC-TCGA-EIAFLKMW.tif,4,MUC
/kaggle/input/datasets/youssefnouiouar1/colorectal-cancer-histology-nct-crc-he-100k-and-7k/CRC-VAL-HE-7K/CRC-VAL-HE-7K/MUC/MUC-TCGA-FVHNNQNS.tif,4,MUC
/kaggle/input/datasets/youssefnouiouar1/colorectal-cancer-histology-nct-crc-he-100k-and-7k/CRC-VAL-HE-7K/CRC-VAL-HE-7K/MUC/MUC-TCGA-EKDIVSAY.tif,4,MUC
/kaggle/input/datasets/youssefnouiouar1/colorectal-cancer-histology-nct-crc-he-100k-and-7k/CRC-VAL-HE-7K/CRC-VAL-HE-7K/MUC/MUC-TCGA-ESNGDQWS.tif,4,MUC
/kaggle/input/datasets/youssefnouiouar1/colorectal-cancer-histology-nct-crc-he-100k-and-7k/CRC-VAL-HE-7K/CRC-VAL-HE-7K/MUC/MUC-TCGA-IWAHFEYD.tif,4,MUC
/kaggle/input/datasets/youssefnouiouar1/colorectal-cancer-histology-nct-crc-he-100k-and-7k/CRC-VAL-HE-7K/CRC-VAL-HE-7K/MUC/MUC-TCGA-QGKQVNYQ.tif,4,MUC
/kaggle/input/datasets/youssefnouiouar1/colorectal-cancer-histology-nct-crc-he-100k-and-7k/CRC-VAL-HE-7K/CRC-VAL-HE-7K/MUC/MUC-TCGA-WQMIHTLW.tif,4,MUC
/kaggle/input/datasets/youssefnouiouar1/colorectal-cancer-histology-nct-crc-he-100k-and-7k/CRC-VAL-HE-7K/CRC-VAL-HE-7K/MUC/MUC-TCGA-DMCEPHKY.tif,4,MUC
/kaggle/input/datasets/youssefnouiouar1/colorectal-cancer-histology-nct-crc-he-100k-and-7k/CRC-VAL-HE-7K/CRC-VAL-HE-7K/MUC/MUC-TCGA-EIHSVRCA.tif,4,MUC
/kaggle/input/datasets/youssefnouiouar1/colorectal-cancer-histology-nct-crc-he-100k-and-7k/CRC-VAL-HE-7K/CRC-VAL-HE-7K/MUC/MUC-TCGA-SPYQMREW.tif,4,MUC
/kaggle/input/datasets/youssefnouiouar1/colorectal-cancer-histology-nct-crc-he-100k-and-7k/CRC-VAL-HE-7K/CRC-VAL-HE-7K/MUC/MUC-TCGA-WGVKHFEW.tif,4,MUC
/kaggle/input/datasets/youssefnouiouar1/colorectal-cancer-histology-nct-crc-he-100k-and-7k/CRC-VAL-HE-7K/CRC-VAL-HE-7K/MUC/MUC-TCGA-ASSQDRRT.tif,4,MUC
/kaggle/input/datasets/youssefnouiouar1/colorectal-cancer-histology-nct-crc-he-100k-and-7k/CRC-VAL-HE-7K/CRC-VAL-HE-7K/MUC/MUC-TCGA-WHLIQFPC.tif,4,MUC
/kaggle/input/datasets/youssefnouiouar1/colorectal-cancer-histology-nct-crc-he-100k-and-7k/CRC-VAL-HE-7K/CRC-VAL-HE-7K/MUC/MUC-TCGA-VPKIRNRN.tif,4,MUC
/kaggle/input/datasets/youssefnouiouar1/colorectal-cancer-histology-nct-crc-he-100k-and-7k/CRC-VAL-HE-7K/CRC-VAL-HE-7K/MUC/MUC-TCGA-VNDGLQTC.tif,4,MUC
/kaggle/input/datasets/youssefnouiouar1/colorectal-cancer-histology-nct-crc-he-100k-and-7k/CRC-VAL-HE-7K/CRC-VAL-HE-7K/MUC/MUC-TCGA-CYVDDLGW.tif,4,MUC
/kaggle/input/datasets/youssefnouiouar1/colorectal-cancer-histology-nct-crc-he-100k-and-7k/CRC-VAL-HE-7K/CRC-VAL-HE-7K/MUC/MUC-TCGA-PPPAPQHI.tif,4,MUC
/kaggle/input/datasets/youssefnouiouar1/colorectal-cancer-histology-nct-crc-he-100k-and-7k/CRC-VAL-HE-7K/CRC-VAL-HE-7K/MUC/MUC-TCGA-HHKQFPHS.tif,4,MUC
/kaggle/input/datasets/youssefnouiouar1/colorectal-cancer-histology-nct-crc-he-100k-and-7k/CRC-VAL-HE-7K/CRC-VAL-HE-7K/MUC/MUC-TCGA-WHPKNVCN.tif,4,MUC
/kaggle/input/datasets/youssefnouiouar1/colorectal-cancer-histology-nct-crc-he-100k-and-7k/CRC-VAL-HE-7K/CRC-VAL-HE-7K/MUC/MUC-TCGA-NGWTSCMD.tif,4,MUC
/kaggle/input/datasets/youssefnouiouar1/colorectal-cancer-histology-nct-crc-he-100k-and-7k/CRC-VAL-HE-7K/CRC-VAL-HE-7K/MUC/MUC-TCGA-WQFQHTLV.tif,4,MUC
/kaggle/input/datasets/youssefnouiouar1/colorectal-cancer-histology-nct-crc-he-100k-and-7k/CRC-VAL-HE-7K/CRC-VAL-HE-7K/MUC/MUC-TCGA-FDQESENE.tif,4,MUC
/kaggle/input/datasets/youssefnouiouar1/colorectal-cancer-histology-nct-crc-he-100k-and-7k/CRC-VAL-HE-7K/CRC-VAL-HE-7K/MUS/MUS-TCGA-TWASVDWS.tif,5,MUS
/kaggle/input/datasets/youssefnouiouar1/colorectal-cancer-histology-nct-crc-he-100k-and-7k/CRC-VAL-HE-7K/CRC-VAL-HE-7K/MUS/MUS-TCGA-VWCFYYIP.tif,5,MUS
/kaggle/input/datasets/youssefnouiouar1/colorectal-cancer-histology-nct-crc-he-100k-and-7k/CRC-VAL-HE-7K/CRC-VAL-HE-7K/MUS/MUS-TCGA-AITPSCMD.tif,5,MUS
/kaggle/input/datasets/youssefnouiouar1/colorectal-cancer-histology-nct-crc-he-100k-and-7k/CRC-VAL-HE-7K/CRC-VAL-HE-7K/MUS/MUS-TCGA-IQLKCIQQ.tif,5,MUS
/kaggle/input/datasets/youssefnouiouar1/colorectal-cancer-histology-nct-crc-he-100k-and-7k/CRC-VAL-HE-7K/CRC-VAL-HE-7K/MUS/MUS-TCGA-VICANANP.tif,5,MUS
/kaggle/input/datasets/youssefnouiouar1/colorectal-cancer-histology-nct-crc-he-100k-and-7k/CRC-VAL-HE-7K/CRC-VAL-HE-7K/MUS/MUS-TCGA-YRPPSWRY.tif,5,MUS
/kaggle/input/datasets/youssefnouiouar1/colorectal-cancer-histology-nct-crc-he-100k-and-7k/CRC-VAL-HE-7K/CRC-VAL-HE-7K/MUS/MUS-TCGA-SADWWWSP.tif,5,MUS
/kaggle/input/datasets/youssefnouiouar1/colorectal-cancer-histology-nct-crc-he-100k-and-7k/CRC-VAL-HE-7K/CRC-VAL-HE-7K/MUS/MUS-TCGA-YGPGYRRA.tif,5,MUS
/kaggle/input/datasets/youssefnouiouar1/colorectal-cancer-histology-nct-crc-he-100k-and-7k/CRC-VAL-HE-7K/CRC-VAL-HE-7K/MUS/MUS-TCGA-SAIFFMVP.tif,5,MUS
/kaggle/input/datasets/youssefnouiouar1/colorectal-cancer-histology-nct-crc-he-100k-and-7k/CRC-VAL-HE-7K/CRC-VAL-HE-7K/MUS/MUS-TCGA-DYQYRQWG.tif,5,MUS
/kaggle/input/datasets/youssefnouiouar1/colorectal-cancer-histology-nct-crc-he-100k-and-7k/CRC-VAL-HE-7K/CRC-VAL-HE-7K/MUS/MUS-TCGA-MPAHDIPG.tif,5,MUS
/kaggle/input/datasets/youssefnouiouar1/colorectal-cancer-histology-nct-crc-he-100k-and-7k/CRC-VAL-HE-7K/CRC-VAL-HE-7K/MUS/MUS-TCGA-MVMQFIDL.tif,5,MUS
/kaggle/input/datasets/youssefnouiouar1/colorectal-cancer-histology-nct-crc-he-100k-and-7k/CRC-VAL-HE-7K/CRC-VAL-HE-7K/MUS/MUS-TCGA-RYPQGNWT.tif,5,MUS
/kaggle/input/datasets/youssefnouiouar1/colorectal-cancer-histology-nct-crc-he-100k-and-7k/CRC-VAL-HE-7K/CRC-VAL-HE-7K/MUS/MUS-TCGA-WTAGRIER.tif,5,MUS
/kaggle/input/datasets/youssefnouiouar1/colorectal-cancer-histology-nct-crc-he-100k-and-7k/CRC-VAL-HE-7K/CRC-VAL-HE-7K/MUS/MUS-TCGA-CKNFKCTG.tif,5,MUS
/kaggle/input/datasets/youssefnouiouar1/colorectal-cancer-histology-nct-crc-he-100k-and-7k/CRC-VAL-HE-7K/CRC-VAL-HE-7K/MUS/MUS-TCGA-EVEDPQEM.tif,5,MUS
/kaggle/input/datasets/youssefnouiouar1/colorectal-cancer-histology-nct-crc-he-100k-and-7k/CRC-VAL-HE-7K/CRC-VAL-HE-7K/MUS/MUS-TCGA-GFFRYAQE.tif,5,MUS
/kaggle/input/datasets/youssefnouiouar1/colorectal-cancer-histology-nct-crc-he-100k-and-7k/CRC-VAL-HE-7K/CRC-VAL-HE-7K/MUS/MUS-TCGA-MAHTKSDH.tif,5,MUS
/kaggle/input/datasets/youssefnouiouar1/colorectal-cancer-histology-nct-crc-he-100k-and-7k/CRC-VAL-HE-7K/CRC-VAL-HE-7K/MUS/MUS-TCGA-MTFFSMGP.tif,5,MUS
/kaggle/input/datasets/youssefnouiouar1/colorectal-cancer-histology-nct-crc-he-100k-and-7k/CRC-VAL-HE-7K/CRC-VAL-HE-7K/MUS/MUS-TCGA-PQDFIPQA.tif,5,MUS
/kaggle/input/datasets/youssefnouiouar1/colorectal-cancer-histology-nct-crc-he-100k-and-7k/CRC-VAL-HE-7K/CRC-VAL-HE-7K/MUS/MUS-TCGA-RDRGIRWD.tif,5,MUS
/kaggle/input/datasets/youssefnouiouar1/colorectal-cancer-histology-nct-crc-he-100k-and-7k/CRC-VAL-HE-7K/CRC-VAL-HE-7K/MUS/MUS-TCGA-VFLEKDYI.tif,5,MUS
/kaggle/input/datasets/youssefnouiouar1/colorectal-cancer-histology-nct-crc-he-100k-and-7k/CRC-VAL-HE-7K/CRC-VAL-HE-7K/MUS/MUS-TCGA-IDLKPGWF.tif,5,MUS
/kaggle/input/datasets/youssefnouiouar1/colorectal-cancer-histology-nct-crc-he-100k-and-7k/CRC-VAL-HE-7K/CRC-VAL-HE-7K/MUS/MUS-TCGA-CVHNDENM.tif,5,MUS
/kaggle/input/datasets/youssefnouiouar1/colorectal-cancer-histology-nct-crc-he-100k-and-7k/CRC-VAL-HE-7K/CRC-VAL-HE-7K/MUS/MUS-TCGA-CDRVANIQ.tif,5,MUS
/kaggle/input/datasets/youssefnouiouar1/colorectal-cancer-histology-nct-crc-he-100k-and-7k/CRC-VAL-HE-7K/CRC-VAL-HE-7K/MUS/MUS-TCGA-RYQTQAQN.tif,5,MUS
/kaggle/input/datasets/youssefnouiouar1/colorectal-cancer-histology-nct-crc-he-100k-and-7k/CRC-VAL-HE-7K/CRC-VAL-HE-7K/MUS/MUS-TCGA-NAQNPCMT.tif,5,MUS
/kaggle/input/datasets/youssefnouiouar1/colorectal-cancer-histology-nct-crc-he-100k-and-7k/CRC-VAL-HE-7K/CRC-VAL-HE-7K/MUS/MUS-TCGA-RPGWRSLK.tif,5,MUS
/kaggle/input/datasets/youssefnouiouar1/colorectal-cancer-histology-nct-crc-he-100k-and-7k/CRC-VAL-HE-7K/CRC-VAL-HE-7K/MUS/MUS-TCGA-FKGMCEPS.tif,5,MUS
/kaggle/input/datasets/youssefnouiouar1/colorectal-cancer-histology-nct-crc-he-100k-and-7k/CRC-VAL-HE-7K/CRC-VAL-HE-7K/MUS/MUS-TCGA-PWMKKEIC.tif,5,MUS
/kaggle/input/datasets/youssefnouiouar1/colorectal-cancer-histology-nct-crc-he-100k-and-7k/CRC-VAL-HE-7K/CRC-VAL-HE-7K/MUS/MUS-TCGA-IPLDCWQC.tif,5,MUS
/kaggle/input/datasets/youssefnouiouar1/colorectal-cancer-histology-nct-crc-he-100k-and-7k/CRC-VAL-HE-7K/CRC-VAL-HE-7K/MUS/MUS-TCGA-WYCIASWS.tif,5,MUS
/kaggle/input/datasets/youssefnouiouar1/colorectal-cancer-histology-nct-crc-he-100k-and-7k/CRC-VAL-HE-7K/CRC-VAL-HE-7K/MUS/MUS-TCGA-YNYTKFEK.tif,5,MUS
/kaggle/input/datasets/youssefnouiouar1/colorectal-cancer-histology-nct-crc-he-100k-and-7k/CRC-VAL-HE-7K/CRC-VAL-HE-7K/MUS/MUS-TCGA-NSCMTMLA.tif,5,MUS
/kaggle/input/datasets/youssefnouiouar1/colorectal-cancer-histology-nct-crc-he-100k-and-7k/CRC-VAL-HE-7K/CRC-VAL-HE-7K/MUS/MUS-TCGA-CGMHETLM.tif,5,MUS
/kaggle/input/datasets/youssefnouiouar1/colorectal-cancer-histology-nct-crc-he-100k-and-7k/CRC-VAL-HE-7K/CRC-VAL-HE-7K/MUS/MUS-TCGA-EQTPGRFV.tif,5,MUS
/kaggle/input/datasets/youssefnouiouar1/colorectal-cancer-histology-nct-crc-he-100k-and-7k/CRC-VAL-HE-7K/CRC-VAL-HE-7K/MUS/MUS-TCGA-TYWKPQMP.tif,5,MUS
/kaggle/input/datasets/youssefnouiouar1/colorectal-cancer-histology-nct-crc-he-100k-and-7k/CRC-VAL-HE-7K/CRC-VAL-HE-7K/MUS/MUS-TCGA-LDQCDNAK.tif,5,MUS
/kaggle/input/datasets/youssefnouiouar1/colorectal-cancer-histology-nct-crc-he-100k-and-7k/CRC-VAL-HE-7K/CRC-VAL-HE-7K/MUS/MUS-TCGA-WICFAIRL.tif,5,MUS
/kaggle/input/datasets/youssefnouiouar1/colorectal-cancer-histology-nct-crc-he-100k-and-7k/CRC-VAL-HE-7K/CRC-VAL-HE-7K/MUS/MUS-TCGA-TPMMNNQG.tif,5,MUS
/kaggle/input/datasets/youssefnouiouar1/colorectal-cancer-histology-nct-crc-he-100k-and-7k/CRC-VAL-HE-7K/CRC-VAL-HE-7K/MUS/MUS-TCGA-LMCMVCGQ.tif,5,MUS
/kaggle/input/datasets/youssefnouiouar1/colorectal-cancer-histology-nct-crc-he-100k-and-7k/CRC-VAL-HE-7K/CRC-VAL-HE-7K/MUS/MUS-TCGA-TTKPGQMS.tif,5,MUS
/kaggle/input/datasets/youssefnouiouar1/colorectal-cancer-histology-nct-crc-he-100k-and-7k/CRC-VAL-HE-7K/CRC-VAL-HE-7K/MUS/MUS-TCGA-VPKNDICV.tif,5,MUS
/kaggle/input/datasets/youssefnouiouar1/colorectal-cancer-histology-nct-crc-he-100k-and-7k/CRC-VAL-HE-7K/CRC-VAL-HE-7K/MUS/MUS-TCGA-ESPNHDMY.tif,5,MUS
/kaggle/input/datasets/youssefnouiouar1/colorectal-cancer-histology-nct-crc-he-100k-and-7k/CRC-VAL-HE-7K/CRC-VAL-HE-7K/MUS/MUS-TCGA-EWHKLKHM.tif,5,MUS
/kaggle/input/datasets/youssefnouiouar1/colorectal-cancer-histology-nct-crc-he-100k-and-7k/CRC-VAL-HE-7K/CRC-VAL-HE-7K/MUS/MUS-TCGA-CDYLSPFS.tif,5,MUS
/kaggle/input/datasets/youssefnouiouar1/colorectal-cancer-histology-nct-crc-he-100k-and-7k/CRC-VAL-HE-7K/CRC-VAL-HE-7K/MUS/MUS-TCGA-QSQCNCSP.tif,5,MUS
/kaggle/input/datasets/youssefnouiouar1/colorectal-cancer-histology-nct-crc-he-100k-and-7k/CRC-VAL-HE-7K/CRC-VAL-HE-7K/MUS/MUS-TCGA-TPWQINHP.tif,5,MUS
/kaggle/input/datasets/youssefnouiouar1/colorectal-cancer-histology-nct-crc-he-100k-and-7k/CRC-VAL-HE-7K/CRC-VAL-HE-7K/MUS/MUS-TCGA-HVRAQMTW.tif,5,MUS
/kaggle/input/datasets/youssefnouiouar1/colorectal-cancer-histology-nct-crc-he-100k-and-7k/CRC-VAL-HE-7K/CRC-VAL-HE-7K/MUS/MUS-TCGA-YFIDPPRV.tif,5,MUS
/kaggle/input/datasets/youssefnouiouar1/colorectal-cancer-histology-nct-crc-he-100k-and-7k/CRC-VAL-HE-7K/CRC-VAL-HE-7K/NORM/NORM-TCGA-PLRQIAFI.tif,6,NORM
/kaggle/input/datasets/youssefnouiouar1/colorectal-cancer-histology-nct-crc-he-100k-and-7k/CRC-VAL-HE-7K/CRC-VAL-HE-7K/NORM/NORM-TCGA-KVFDAFDK.tif,6,NORM
/kaggle/input/datasets/youssefnouiouar1/colorectal-cancer-histology-nct-crc-he-100k-and-7k/CRC-VAL-HE-7K/CRC-VAL-HE-7K/NORM/NORM-TCGA-IPDPGIQA.tif,6,NORM
/kaggle/input/datasets/youssefnouiouar1/colorectal-cancer-histology-nct-crc-he-100k-and-7k/CRC-VAL-HE-7K/CRC-VAL-HE-7K/NORM/NORM-TCGA-VTKGTYID.tif,6,NORM
/kaggle/input/datasets/youssefnouiouar1/colorectal-cancer-histology-nct-crc-he-100k-and-7k/CRC-VAL-HE-7K/CRC-VAL-HE-7K/NORM/NORM-TCGA-MVGIYFGS.tif,6,NORM
/kaggle/input/datasets/youssefnouiouar1/colorectal-cancer-histology-nct-crc-he-100k-and-7k/CRC-VAL-HE-7K/CRC-VAL-HE-7K/NORM/NORM-TCGA-TWIMSACM.tif,6,NORM
/kaggle/input/datasets/youssefnouiouar1/colorectal-cancer-histology-nct-crc-he-100k-and-7k/CRC-VAL-HE-7K/CRC-VAL-HE-7K/NORM/NORM-TCGA-IHVYFNCL.tif,6,NORM
/kaggle/input/datasets/youssefnouiouar1/colorectal-cancer-histology-nct-crc-he-100k-and-7k/CRC-VAL-HE-7K/CRC-VAL-HE-7K/NORM/NORM-TCGA-HWKKLNDE.tif,6,NORM
/kaggle/input/datasets/youssefnouiouar1/colorectal-cancer-histology-nct-crc-he-100k-and-7k/CRC-VAL-HE-7K/CRC-VAL-HE-7K/NORM/NORM-TCGA-KHARHKWK.tif,6,NORM
/kaggle/input/datasets/youssefnouiouar1/colorectal-cancer-histology-nct-crc-he-100k-and-7k/CRC-VAL-HE-7K/CRC-VAL-HE-7K/NORM/NORM-TCGA-DWIIDRCQ.tif,6,NORM
/kaggle/input/datasets/youssefnouiouar1/colorectal-cancer-histology-nct-crc-he-100k-and-7k/CRC-VAL-HE-7K/CRC-VAL-HE-7K/NORM/NORM-TCGA-ISPLFPPA.tif,6,NORM
/kaggle/input/datasets/youssefnouiouar1/colorectal-cancer-histology-nct-crc-he-100k-and-7k/CRC-VAL-HE-7K/CRC-VAL-HE-7K/NORM/NORM-TCGA-KEGTALKI.tif,6,NORM
/kaggle/input/datasets/youssefnouiouar1/colorectal-cancer-histology-nct-crc-he-100k-and-7k/CRC-VAL-HE-7K/CRC-VAL-HE-7K/NORM/NORM-TCGA-PKRYMWQY.tif,6,NORM
/kaggle/input/datasets/youssefnouiouar1/colorectal-cancer-histology-nct-crc-he-100k-and-7k/CRC-VAL-HE-7K/CRC-VAL-HE-7K/NORM/NORM-TCGA-HLNNPTWP.tif,6,NORM
/kaggle/input/datasets/youssefnouiouar1/colorectal-cancer-histology-nct-crc-he-100k-and-7k/CRC-VAL-HE-7K/CRC-VAL-HE-7K/NORM/NORM-TCGA-ILPTAFNS.tif,6,NORM
/kaggle/input/datasets/youssefnouiouar1/colorectal-cancer-histology-nct-crc-he-100k-and-7k/CRC-VAL-HE-7K/CRC-VAL-HE-7K/NORM/NORM-TCGA-RRSYYDEP.tif,6,NORM
/kaggle/input/datasets/youssefnouiouar1/colorectal-cancer-histology-nct-crc-he-100k-and-7k/CRC-VAL-HE-7K/CRC-VAL-HE-7K/NORM/NORM-TCGA-FVIWEFEV.tif,6,NORM
/kaggle/input/datasets/youssefnouiouar1/colorectal-cancer-histology-nct-crc-he-100k-and-7k/CRC-VAL-HE-7K/CRC-VAL-HE-7K/NORM/NORM-TCGA-WNGKRAQE.tif,6,NORM
/kaggle/input/datasets/youssefnouiouar1/colorectal-cancer-histology-nct-crc-he-100k-and-7k/CRC-VAL-HE-7K/CRC-VAL-HE-7K/NORM/NORM-TCGA-KFTQQSLF.tif,6,NORM
/kaggle/input/datasets/youssefnouiouar1/colorectal-cancer-histology-nct-crc-he-100k-and-7k/CRC-VAL-HE-7K/CRC-VAL-HE-7K/NORM/NORM-TCGA-CTTTECMG.tif,6,NORM
/kaggle/input/datasets/youssefnouiouar1/colorectal-cancer-histology-nct-crc-he-100k-and-7k/CRC-VAL-HE-7K/CRC-VAL-HE-7K/NORM/NORM-TCGA-YAKLNQTA.tif,6,NORM
/kaggle/input/datasets/youssefnouiouar1/colorectal-cancer-histology-nct-crc-he-100k-and-7k/CRC-VAL-HE-7K/CRC-VAL-HE-7K/NORM/NORM-TCGA-SHSVDVAI.tif,6,NORM
/kaggle/input/datasets/youssefnouiouar1/colorectal-cancer-histology-nct-crc-he-100k-and-7k/CRC-VAL-HE-7K/CRC-VAL-HE-7K/NORM/NORM-TCGA-QKQWTTPR.tif,6,NORM
/kaggle/input/datasets/youssefnouiouar1/colorectal-cancer-histology-nct-crc-he-100k-and-7k/CRC-VAL-HE-7K/CRC-VAL-HE-7K/NORM/NORM-TCGA-KFQFHIDC.tif,6,NORM
/kaggle/input/datasets/youssefnouiouar1/colorectal-cancer-histology-nct-crc-he-100k-and-7k/CRC-VAL-HE-7K/CRC-VAL-HE-7K/NORM/NORM-TCGA-ICPKPDWF.tif,6,NORM
/kaggle/input/datasets/youssefnouiouar1/colorectal-cancer-histology-nct-crc-he-100k-and-7k/CRC-VAL-HE-7K/CRC-VAL-HE-7K/NORM/NORM-TCGA-IKGTVKIS.tif,6,NORM
/kaggle/input/datasets/youssefnouiouar1/colorectal-cancer-histology-nct-crc-he-100k-and-7k/CRC-VAL-HE-7K/CRC-VAL-HE-7K/NORM/NORM-TCGA-VKECGIRG.tif,6,NORM
/kaggle/input/datasets/youssefnouiouar1/colorectal-cancer-histology-nct-crc-he-100k-and-7k/CRC-VAL-HE-7K/CRC-VAL-HE-7K/NORM/NORM-TCGA-LQIRYNIC.tif,6,NORM
/kaggle/input/datasets/youssefnouiouar1/colorectal-cancer-histology-nct-crc-he-100k-and-7k/CRC-VAL-HE-7K/CRC-VAL-HE-7K/NORM/NORM-TCGA-QGTAFAGS.tif,6,NORM
/kaggle/input/datasets/youssefnouiouar1/colorectal-cancer-histology-nct-crc-he-100k-and-7k/CRC-VAL-HE-7K/CRC-VAL-HE-7K/NORM/NORM-TCGA-SCVLDTNQ.tif,6,NORM
/kaggle/input/datasets/youssefnouiouar1/colorectal-cancer-histology-nct-crc-he-100k-and-7k/CRC-VAL-HE-7K/CRC-VAL-HE-7K/NORM/NORM-TCGA-PRHKLSGC.tif,6,NORM
/kaggle/input/datasets/youssefnouiouar1/colorectal-cancer-histology-nct-crc-he-100k-and-7k/CRC-VAL-HE-7K/CRC-VAL-HE-7K/NORM/NORM-TCGA-EPIQVVLF.tif,6,NORM
/kaggle/input/datasets/youssefnouiouar1/colorectal-cancer-histology-nct-crc-he-100k-and-7k/CRC-VAL-HE-7K/CRC-VAL-HE-7K/NORM/NORM-TCGA-GEAKLCDE.tif,6,NORM
/kaggle/input/datasets/youssefnouiouar1/colorectal-cancer-histology-nct-crc-he-100k-and-7k/CRC-VAL-HE-7K/CRC-VAL-HE-7K/NORM/NORM-TCGA-IVEAWTWM.tif,6,NORM
/kaggle/input/datasets/youssefnouiouar1/colorectal-cancer-histology-nct-crc-he-100k-and-7k/CRC-VAL-HE-7K/CRC-VAL-HE-7K/NORM/NORM-TCGA-FEHYTHEC.tif,6,NORM
/kaggle/input/datasets/youssefnouiouar1/colorectal-cancer-histology-nct-crc-he-100k-and-7k/CRC-VAL-HE-7K/CRC-VAL-HE-7K/NORM/NORM-TCGA-RCCDCMAM.tif,6,NORM
/kaggle/input/datasets/youssefnouiouar1/colorectal-cancer-histology-nct-crc-he-100k-and-7k/CRC-VAL-HE-7K/CRC-VAL-HE-7K/NORM/NORM-TCGA-VLATNHGQ.tif,6,NORM
/kaggle/input/datasets/youssefnouiouar1/colorectal-cancer-histology-nct-crc-he-100k-and-7k/CRC-VAL-HE-7K/CRC-VAL-HE-7K/NORM/NORM-TCGA-PYFGVRLI.tif,6,NORM
/kaggle/input/datasets/youssefnouiouar1/colorectal-cancer-histology-nct-crc-he-100k-and-7k/CRC-VAL-HE-7K/CRC-VAL-HE-7K/NORM/NORM-TCGA-VKTFQNWI.tif,6,NORM
/kaggle/input/datasets/youssefnouiouar1/colorectal-cancer-histology-nct-crc-he-100k-and-7k/CRC-VAL-HE-7K/CRC-VAL-HE-7K/NORM/NORM-TCGA-IVWHIEPL.tif,6,NORM
/kaggle/input/datasets/youssefnouiouar1/colorectal-cancer-histology-nct-crc-he-100k-and-7k/CRC-VAL-HE-7K/CRC-VAL-HE-7K/NORM/NORM-TCGA-DLMTDMRN.tif,6,NORM
/kaggle/input/datasets/youssefnouiouar1/colorectal-cancer-histology-nct-crc-he-100k-and-7k/CRC-VAL-HE-7K/CRC-VAL-HE-7K/NORM/NORM-TCGA-FFMGYRYT.tif,6,NORM
/kaggle/input/datasets/youssefnouiouar1/colorectal-cancer-histology-nct-crc-he-100k-and-7k/CRC-VAL-HE-7K/CRC-VAL-HE-7K/NORM/NORM-TCGA-YGVFISFR.tif,6,NORM
/kaggle/input/datasets/youssefnouiouar1/colorectal-cancer-histology-nct-crc-he-100k-and-7k/CRC-VAL-HE-7K/CRC-VAL-HE-7K/NORM/NORM-TCGA-RPHNTLLN.tif,6,NORM
/kaggle/input/datasets/youssefnouiouar1/colorectal-cancer-histology-nct-crc-he-100k-and-7k/CRC-VAL-HE-7K/CRC-VAL-HE-7K/NORM/NORM-TCGA-RQGAGQGW.tif,6,NORM
/kaggle/input/datasets/youssefnouiouar1/colorectal-cancer-histology-nct-crc-he-100k-and-7k/CRC-VAL-HE-7K/CRC-VAL-HE-7K/NORM/NORM-TCGA-EDGIMLPM.tif,6,NORM
/kaggle/input/datasets/youssefnouiouar1/colorectal-cancer-histology-nct-crc-he-100k-and-7k/CRC-VAL-HE-7K/CRC-VAL-HE-7K/NORM/NORM-TCGA-LMQLLCSS.tif,6,NORM
/kaggle/input/datasets/youssefnouiouar1/colorectal-cancer-histology-nct-crc-he-100k-and-7k/CRC-VAL-HE-7K/CRC-VAL-HE-7K/NORM/NORM-TCGA-ICAGCHVP.tif,6,NORM
/kaggle/input/datasets/youssefnouiouar1/colorectal-cancer-histology-nct-crc-he-100k-and-7k/CRC-VAL-HE-7K/CRC-VAL-HE-7K/NORM/NORM-TCGA-NGRVWCHF.tif,6,NORM
/kaggle/input/datasets/youssefnouiouar1/colorectal-cancer-histology-nct-crc-he-100k-and-7k/CRC-VAL-HE-7K/CRC-VAL-HE-7K/NORM/NORM-TCGA-PPNYEQMC.tif,6,NORM
/kaggle/input/datasets/youssefnouiouar1/colorectal-cancer-histology-nct-crc-he-100k-and-7k/CRC-VAL-HE-7K/CRC-VAL-HE-7K/STR/STR-TCGA-PDTKGESN.tif,7,STR
/kaggle/input/datasets/youssefnouiouar1/colorectal-cancer-histology-nct-crc-he-100k-and-7k/CRC-VAL-HE-7K/CRC-VAL-HE-7K/STR/STR-TCGA-MNSERRMK.tif,7,STR
/kaggle/input/datasets/youssefnouiouar1/colorectal-cancer-histology-nct-crc-he-100k-and-7k/CRC-VAL-HE-7K/CRC-VAL-HE-7K/STR/STR-TCGA-FKEHNNYW.tif,7,STR
/kaggle/input/datasets/youssefnouiouar1/colorectal-cancer-histology-nct-crc-he-100k-and-7k/CRC-VAL-HE-7K/CRC-VAL-HE-7K/STR/STR-TCGA-NACIVLTE.tif,7,STR
/kaggle/input/datasets/youssefnouiouar1/colorectal-cancer-histology-nct-crc-he-100k-and-7k/CRC-VAL-HE-7K/CRC-VAL-HE-7K/STR/STR-TCGA-ADIHSKPL.tif,7,STR
/kaggle/input/datasets/youssefnouiouar1/colorectal-cancer-histology-nct-crc-he-100k-and-7k/CRC-VAL-HE-7K/CRC-VAL-HE-7K/STR/STR-TCGA-AKIAMMIW.tif,7,STR
/kaggle/input/datasets/youssefnouiouar1/colorectal-cancer-histology-nct-crc-he-100k-and-7k/CRC-VAL-HE-7K/CRC-VAL-HE-7K/STR/STR-TCGA-CIKIQPSW.tif,7,STR
/kaggle/input/datasets/youssefnouiouar1/colorectal-cancer-histology-nct-crc-he-100k-and-7k/CRC-VAL-HE-7K/CRC-VAL-HE-7K/STR/STR-TCGA-NSWRAITI.tif,7,STR
/kaggle/input/datasets/youssefnouiouar1/colorectal-cancer-histology-nct-crc-he-100k-and-7k/CRC-VAL-HE-7K/CRC-VAL-HE-7K/STR/STR-TCGA-RNLEINVC.tif,7,STR
/kaggle/input/datasets/youssefnouiouar1/colorectal-cancer-histology-nct-crc-he-100k-and-7k/CRC-VAL-HE-7K/CRC-VAL-HE-7K/STR/STR-TCGA-CEQSKNMS.tif,7,STR
/kaggle/input/datasets/youssefnouiouar1/colorectal-cancer-histology-nct-crc-he-100k-and-7k/CRC-VAL-HE-7K/CRC-VAL-HE-7K/STR/STR-TCGA-KKGLYATY.tif,7,STR
/kaggle/input/datasets/youssefnouiouar1/colorectal-cancer-histology-nct-crc-he-100k-and-7k/CRC-VAL-HE-7K/CRC-VAL-HE-7K/STR/STR-TCGA-MWATFSFP.tif,7,STR
/kaggle/input/datasets/youssefnouiouar1/colorectal-cancer-histology-nct-crc-he-100k-and-7k/CRC-VAL-HE-7K/CRC-VAL-HE-7K/STR/STR-TCGA-IIKAEPRD.tif,7,STR
/kaggle/input/datasets/youssefnouiouar1/colorectal-cancer-histology-nct-crc-he-100k-and-7k/CRC-VAL-HE-7K/CRC-VAL-HE-7K/STR/STR-TCGA-MLASHQND.tif,7,STR
/kaggle/input/datasets/youssefnouiouar1/colorectal-cancer-histology-nct-crc-he-100k-and-7k/CRC-VAL-HE-7K/CRC-VAL-HE-7K/STR/STR-TCGA-QQWIVEEY.tif,7,STR
/kaggle/input/datasets/youssefnouiouar1/colorectal-cancer-histology-nct-crc-he-100k-and-7k/CRC-VAL-HE-7K/CRC-VAL-HE-7K/STR/STR-TCGA-QRLSNGEF.tif,7,STR
/kaggle/input/datasets/youssefnouiouar1/colorectal-cancer-histology-nct-crc-he-100k-and-7k/CRC-VAL-HE-7K/CRC-VAL-HE-7K/STR/STR-TCGA-PFKVKWDW.tif,7,STR
/kaggle/input/datasets/youssefnouiouar1/colorectal-cancer-histology-nct-crc-he-100k-and-7k/CRC-VAL-HE-7K/CRC-VAL-HE-7K/STR/STR-TCGA-TGEDVDLH.tif,7,STR
/kaggle/input/datasets/youssefnouiouar1/colorectal-cancer-histology-nct-crc-he-100k-and-7k/CRC-VAL-HE-7K/CRC-VAL-HE-7K/STR/STR-TCGA-KNNRTPNN.tif,7,STR
/kaggle/input/datasets/youssefnouiouar1/colorectal-cancer-histology-nct-crc-he-100k-and-7k/CRC-VAL-HE-7K/CRC-VAL-HE-7K/STR/STR-TCGA-SIGMCKAY.tif,7,STR
/kaggle/input/datasets/youssefnouiouar1/colorectal-cancer-histology-nct-crc-he-100k-and-7k/CRC-VAL-HE-7K/CRC-VAL-HE-7K/STR/STR-TCGA-IVSYTRLM.tif,7,STR
/kaggle/input/datasets/youssefnouiouar1/colorectal-cancer-histology-nct-crc-he-100k-and-7k/CRC-VAL-HE-7K/CRC-VAL-HE-7K/STR/STR-TCGA-YHNEYAGR.tif,7,STR
/kaggle/input/datasets/youssefnouiouar1/colorectal-cancer-histology-nct-crc-he-100k-and-7k/CRC-VAL-HE-7K/CRC-VAL-HE-7K/STR/STR-TCGA-QNTSGESV.tif,7,STR
/kaggle/input/datasets/youssefnouiouar1/colorectal-cancer-histology-nct-crc-he-100k-and-7k/CRC-VAL-HE-7K/CRC-VAL-HE-7K/STR/STR-TCGA-GWGVSHCR.tif,7,STR
/kaggle/input/datasets/youssefnouiouar1/colorectal-cancer-histology-nct-crc-he-100k-and-7k/CRC-VAL-HE-7K/CRC-VAL-HE-7K/STR/STR-TCGA-HQCTSRAS.tif,7,STR
/kaggle/input/datasets/youssefnouiouar1/colorectal-cancer-histology-nct-crc-he-100k-and-7k/CRC-VAL-HE-7K/CRC-VAL-HE-7K/STR/STR-TCGA-KEYGCNNF.tif,7,STR
/kaggle/input/datasets/youssefnouiouar1/colorectal-cancer-histology-nct-crc-he-100k-and-7k/CRC-VAL-HE-7K/CRC-VAL-HE-7K/STR/STR-TCGA-SSGCMSHN.tif,7,STR
/kaggle/input/datasets/youssefnouiouar1/colorectal-cancer-histology-nct-crc-he-100k-and-7k/CRC-VAL-HE-7K/CRC-VAL-HE-7K/STR/STR-TCGA-PKDLVMSE.tif,7,STR
/kaggle/input/datasets/youssefnouiouar1/colorectal-cancer-histology-nct-crc-he-100k-and-7k/CRC-VAL-HE-7K/CRC-VAL-HE-7K/STR/STR-TCGA-WERSTCWK.tif,7,STR
/kaggle/input/datasets/youssefnouiouar1/colorectal-cancer-histology-nct-crc-he-100k-and-7k/CRC-VAL-HE-7K/CRC-VAL-HE-7K/STR/STR-TCGA-CKNSMRYS.tif,7,STR
/kaggle/input/datasets/youssefnouiouar1/colorectal-cancer-histology-nct-crc-he-100k-and-7k/CRC-VAL-HE-7K/CRC-VAL-HE-7K/STR/STR-TCGA-CIEPFVCW.tif,7,STR
/kaggle/input/datasets/youssefnouiouar1/colorectal-cancer-histology-nct-crc-he-100k-and-7k/CRC-VAL-HE-7K/CRC-VAL-HE-7K/STR/STR-TCGA-VWGHEGND.tif,7,STR
/kaggle/input/datasets/youssefnouiouar1/colorectal-cancer-histology-nct-crc-he-100k-and-7k/CRC-VAL-HE-7K/CRC-VAL-HE-7K/STR/STR-TCGA-WEALRAYK.tif,7,STR
/kaggle/input/datasets/youssefnouiouar1/colorectal-cancer-histology-nct-crc-he-100k-and-7k/CRC-VAL-HE-7K/CRC-VAL-HE-7K/STR/STR-TCGA-CVVIKMLV.tif,7,STR
/kaggle/input/datasets/youssefnouiouar1/colorectal-cancer-histology-nct-crc-he-100k-and-7k/CRC-VAL-HE-7K/CRC-VAL-HE-7K/STR/STR-TCGA-HNCKYNRR.tif,7,STR
/kaggle/input/datasets/youssefnouiouar1/colorectal-cancer-histology-nct-crc-he-100k-and-7k/CRC-VAL-HE-7K/CRC-VAL-HE-7K/STR/STR-TCGA-QPQVVCTF.tif,7,STR
/kaggle/input/datasets/youssefnouiouar1/colorectal-cancer-histology-nct-crc-he-100k-and-7k/CRC-VAL-HE-7K/CRC-VAL-HE-7K/STR/STR-TCGA-CFFRRRDK.tif,7,STR
/kaggle/input/datasets/youssefnouiouar1/colorectal-cancer-histology-nct-crc-he-100k-and-7k/CRC-VAL-HE-7K/CRC-VAL-HE-7K/STR/STR-TCGA-LSRYLMEY.tif,7,STR
/kaggle/input/datasets/youssefnouiouar1/colorectal-cancer-histology-nct-crc-he-100k-and-7k/CRC-VAL-HE-7K/CRC-VAL-HE-7K/STR/STR-TCGA-DYTTAVER.tif,7,STR
/kaggle/input/datasets/youssefnouiouar1/colorectal-cancer-histology-nct-crc-he-100k-and-7k/CRC-VAL-HE-7K/CRC-VAL-HE-7K/STR/STR-TCGA-SGWIFGGL.tif,7,STR
/kaggle/input/datasets/youssefnouiouar1/colorectal-cancer-histology-nct-crc-he-100k-and-7k/CRC-VAL-HE-7K/CRC-VAL-HE-7K/STR/STR-TCGA-TNGIPEPS.tif,7,STR
/kaggle/input/datasets/youssefnouiouar1/colorectal-cancer-histology-nct-crc-he-100k-and-7k/CRC-VAL-HE-7K/CRC-VAL-HE-7K/STR/STR-TCGA-YMTVPLES.tif,7,STR
/kaggle/input/datasets/youssefnouiouar1/colorectal-cancer-histology-nct-crc-he-100k-and-7k/CRC-VAL-HE-7K/CRC-VAL-HE-7K/STR/STR-TCGA-SFCWMMFP.tif,7,STR
/kaggle/input/datasets/youssefnouiouar1/colorectal-cancer-histology-nct-crc-he-100k-and-7k/CRC-VAL-HE-7K/CRC-VAL-HE-7K/STR/STR-TCGA-WDPTWKRW.tif,7,STR
/kaggle/input/datasets/youssefnouiouar1/colorectal-cancer-histology-nct-crc-he-100k-and-7k/CRC-VAL-HE-7K/CRC-VAL-HE-7K/STR/STR-TCGA-DKQKMHFW.tif,7,STR
/kaggle/input/datasets/youssefnouiouar1/colorectal-cancer-histology-nct-crc-he-100k-and-7k/CRC-VAL-HE-7K/CRC-VAL-HE-7K/STR/STR-TCGA-TGSEDAQF.tif,7,STR
/kaggle/input/datasets/youssefnouiouar1/colorectal-cancer-histology-nct-crc-he-100k-and-7k/CRC-VAL-HE-7K/CRC-VAL-HE-7K/STR/STR-TCGA-IALGAGVT.tif,7,STR
/kaggle/input/datasets/youssefnouiouar1/colorectal-cancer-histology-nct-crc-he-100k-and-7k/CRC-VAL-HE-7K/CRC-VAL-HE-7K/STR/STR-TCGA-CIWTQMVS.tif,7,STR
/kaggle/input/datasets/youssefnouiouar1/colorectal-cancer-histology-nct-crc-he-100k-and-7k/CRC-VAL-HE-7K/CRC-VAL-HE-7K/STR/STR-TCGA-DKGMKKFK.tif,7,STR
/kaggle/input/datasets/youssefnouiouar1/colorectal-cancer-histology-nct-crc-he-100k-and-7k/CRC-VAL-HE-7K/CRC-VAL-HE-7K/STR/STR-TCGA-AAMALCER.tif,7,STR
/kaggle/input/datasets/youssefnouiouar1/colorectal-cancer-histology-nct-crc-he-100k-and-7k/CRC-VAL-HE-7K/CRC-VAL-HE-7K/TUM/TUM-TCGA-LTVRAWDG.tif,8,TUM
/kaggle/input/datasets/youssefnouiouar1/colorectal-cancer-histology-nct-crc-he-100k-and-7k/CRC-VAL-HE-7K/CRC-VAL-HE-7K/TUM/TUM-TCGA-ICWMRSLV.tif,8,TUM
/kaggle/input/datasets/youssefnouiouar1/colorectal-cancer-histology-nct-crc-he-100k-and-7k/CRC-VAL-HE-7K/CRC-VAL-HE-7K/TUM/TUM-TCGA-CITTSMGT.tif,8,TUM
/kaggle/input/datasets/youssefnouiouar1/colorectal-cancer-histology-nct-crc-he-100k-and-7k/CRC-VAL-HE-7K/CRC-VAL-HE-7K/TUM/TUM-TCGA-WSRWACVS.tif,8,TUM
/kaggle/input/datasets/youssefnouiouar1/colorectal-cancer-histology-nct-crc-he-100k-and-7k/CRC-VAL-HE-7K/CRC-VAL-HE-7K/TUM/TUM-TCGA-SWQSYGEH.tif,8,TUM
/kaggle/input/datasets/youssefnouiouar1/colorectal-cancer-histology-nct-crc-he-100k-and-7k/CRC-VAL-HE-7K/CRC-VAL-HE-7K/TUM/TUM-TCGA-AKGPHFQI.tif,8,TUM
/kaggle/input/datasets/youssefnouiouar1/colorectal-cancer-histology-nct-crc-he-100k-and-7k/CRC-VAL-HE-7K/CRC-VAL-HE-7K/TUM/TUM-TCGA-IFGTYIRN.tif,8,TUM
/kaggle/input/datasets/youssefnouiouar1/colorectal-cancer-histology-nct-crc-he-100k-and-7k/CRC-VAL-HE-7K/CRC-VAL-HE-7K/TUM/TUM-TCGA-DGNQCDES.tif,8,TUM
/kaggle/input/datasets/youssefnouiouar1/colorectal-cancer-histology-nct-crc-he-100k-and-7k/CRC-VAL-HE-7K/CRC-VAL-HE-7K/TUM/TUM-TCGA-NIMPNENM.tif,8,TUM
/kaggle/input/datasets/youssefnouiouar1/colorectal-cancer-histology-nct-crc-he-100k-and-7k/CRC-VAL-HE-7K/CRC-VAL-HE-7K/TUM/TUM-TCGA-PTQEQDVE.tif,8,TUM
/kaggle/input/datasets/youssefnouiouar1/colorectal-cancer-histology-nct-crc-he-100k-and-7k/CRC-VAL-HE-7K/CRC-VAL-HE-7K/TUM/TUM-TCGA-PMYFKEWT.tif,8,TUM
/kaggle/input/datasets/youssefnouiouar1/colorectal-cancer-histology-nct-crc-he-100k-and-7k/CRC-VAL-HE-7K/CRC-VAL-HE-7K/TUM/TUM-TCGA-PQVKLCAE.tif,8,TUM
/kaggle/input/datasets/youssefnouiouar1/colorectal-cancer-histology-nct-crc-he-100k-and-7k/CRC-VAL-HE-7K/CRC-VAL-HE-7K/TUM/TUM-TCGA-HVSGFSTE.tif,8,TUM
/kaggle/input/datasets/youssefnouiouar1/colorectal-cancer-histology-nct-crc-he-100k-and-7k/CRC-VAL-HE-7K/CRC-VAL-HE-7K/TUM/TUM-TCGA-CTDMWPAI.tif,8,TUM
/kaggle/input/datasets/youssefnouiouar1/colorectal-cancer-histology-nct-crc-he-100k-and-7k/CRC-VAL-HE-7K/CRC-VAL-HE-7K/TUM/TUM-TCGA-KYVGYMQA.tif,8,TUM
/kaggle/input/datasets/youssefnouiouar1/colorectal-cancer-histology-nct-crc-he-100k-and-7k/CRC-VAL-HE-7K/CRC-VAL-HE-7K/TUM/TUM-TCGA-LTVMSCCD.tif,8,TUM
/kaggle/input/datasets/youssefnouiouar1/colorectal-cancer-histology-nct-crc-he-100k-and-7k/CRC-VAL-HE-7K/CRC-VAL-HE-7K/TUM/TUM-TCGA-SKVSRGKK.tif,8,TUM
/kaggle/input/datasets/youssefnouiouar1/colorectal-cancer-histology-nct-crc-he-100k-and-7k/CRC-VAL-HE-7K/CRC-VAL-HE-7K/TUM/TUM-TCGA-ICAHYPRN.tif,8,TUM
/kaggle/input/datasets/youssefnouiouar1/colorectal-cancer-histology-nct-crc-he-100k-and-7k/CRC-VAL-HE-7K/CRC-VAL-HE-7K/TUM/TUM-TCGA-SHKYEPGL.tif,8,TUM
/kaggle/input/datasets/youssefnouiouar1/colorectal-cancer-histology-nct-crc-he-100k-and-7k/CRC-VAL-HE-7K/CRC-VAL-HE-7K/TUM/TUM-TCGA-ALWWIRAD.tif,8,TUM
/kaggle/input/datasets/youssefnouiouar1/colorectal-cancer-histology-nct-crc-he-100k-and-7k/CRC-VAL-HE-7K/CRC-VAL-HE-7K/TUM/TUM-TCGA-MHYFSERC.tif,8,TUM
/kaggle/input/datasets/youssefnouiouar1/colorectal-cancer-histology-nct-crc-he-100k-and-7k/CRC-VAL-HE-7K/CRC-VAL-HE-7K/TUM/TUM-TCGA-HHEDDDNG.tif,8,TUM
/kaggle/input/datasets/youssefnouiouar1/colorectal-cancer-histology-nct-crc-he-100k-and-7k/CRC-VAL-HE-7K/CRC-VAL-HE-7K/TUM/TUM-TCGA-FLLVRVSN.tif,8,TUM
/kaggle/input/datasets/youssefnouiouar1/colorectal-cancer-histology-nct-crc-he-100k-and-7k/CRC-VAL-HE-7K/CRC-VAL-HE-7K/TUM/TUM-TCGA-HWCFKDAG.tif,8,TUM
/kaggle/input/datasets/youssefnouiouar1/colorectal-cancer-histology-nct-crc-he-100k-and-7k/CRC-VAL-HE-7K/CRC-VAL-HE-7K/TUM/TUM-TCGA-SKLWPFVG.tif,8,TUM
/kaggle/input/datasets/youssefnouiouar1/colorectal-cancer-histology-nct-crc-he-100k-and-7k/CRC-VAL-HE-7K/CRC-VAL-HE-7K/TUM/TUM-TCGA-CHCPSNDQ.tif,8,TUM
/kaggle/input/datasets/youssefnouiouar1/colorectal-cancer-histology-nct-crc-he-100k-and-7k/CRC-VAL-HE-7K/CRC-VAL-HE-7K/TUM/TUM-TCGA-LDDYLHDK.tif,8,TUM
/kaggle/input/datasets/youssefnouiouar1/colorectal-cancer-histology-nct-crc-he-100k-and-7k/CRC-VAL-HE-7K/CRC-VAL-HE-7K/TUM/TUM-TCGA-WEACREVW.tif,8,TUM
/kaggle/input/datasets/youssefnouiouar1/colorectal-cancer-histology-nct-crc-he-100k-and-7k/CRC-VAL-HE-7K/CRC-VAL-HE-7K/TUM/TUM-TCGA-MRMLKFGK.tif,8,TUM
/kaggle/input/datasets/youssefnouiouar1/colorectal-cancer-histology-nct-crc-he-100k-and-7k/CRC-VAL-HE-7K/CRC-VAL-HE-7K/TUM/TUM-TCGA-SMLWCMRR.tif,8,TUM
/kaggle/input/datasets/youssefnouiouar1/colorectal-cancer-histology-nct-crc-he-100k-and-7k/CRC-VAL-HE-7K/CRC-VAL-HE-7K/TUM/TUM-TCGA-LNPRIIWD.tif,8,TUM
/kaggle/input/datasets/youssefnouiouar1/colorectal-cancer-histology-nct-crc-he-100k-and-7k/CRC-VAL-HE-7K/CRC-VAL-HE-7K/TUM/TUM-TCGA-FYRREINM.tif,8,TUM
/kaggle/input/datasets/youssefnouiouar1/colorectal-cancer-histology-nct-crc-he-100k-and-7k/CRC-VAL-HE-7K/CRC-VAL-HE-7K/TUM/TUM-TCGA-WRSKKYNS.tif,8,TUM
/kaggle/input/datasets/youssefnouiouar1/colorectal-cancer-histology-nct-crc-he-100k-and-7k/CRC-VAL-HE-7K/CRC-VAL-HE-7K/TUM/TUM-TCGA-YQQCHQDQ.tif,8,TUM
/kaggle/input/datasets/youssefnouiouar1/colorectal-cancer-histology-nct-crc-he-100k-and-7k/CRC-VAL-HE-7K/CRC-VAL-HE-7K/TUM/TUM-TCGA-FYPDRHKE.tif,8,TUM
/kaggle/input/datasets/youssefnouiouar1/colorectal-cancer-histology-nct-crc-he-100k-and-7k/CRC-VAL-HE-7K/CRC-VAL-HE-7K/TUM/TUM-TCGA-IMWFDGEC.tif,8,TUM
/kaggle/input/datasets/youssefnouiouar1/colorectal-cancer-histology-nct-crc-he-100k-and-7k/CRC-VAL-HE-7K/CRC-VAL-HE-7K/TUM/TUM-TCGA-IHWHGVAH.tif,8,TUM
/kaggle/input/datasets/youssefnouiouar1/colorectal-cancer-histology-nct-crc-he-100k-and-7k/CRC-VAL-HE-7K/CRC-VAL-HE-7K/TUM/TUM-TCGA-RSRIIWMR.tif,8,TUM
/kaggle/input/datasets/youssefnouiouar1/colorectal-cancer-histology-nct-crc-he-100k-and-7k/CRC-VAL-HE-7K/CRC-VAL-HE-7K/TUM/TUM-TCGA-FNDYYRLP.tif,8,TUM
/kaggle/input/datasets/youssefnouiouar1/colorectal-cancer-histology-nct-crc-he-100k-and-7k/CRC-VAL-HE-7K/CRC-VAL-HE-7K/TUM/TUM-TCGA-NESHKSHR.tif,8,TUM
/kaggle/input/datasets/youssefnouiouar1/colorectal-cancer-histology-nct-crc-he-100k-and-7k/CRC-VAL-HE-7K/CRC-VAL-HE-7K/TUM/TUM-TCGA-IVQQVWHQ.tif,8,TUM
/kaggle/input/datasets/youssefnouiouar1/colorectal-cancer-histology-nct-crc-he-100k-and-7k/CRC-VAL-HE-7K/CRC-VAL-HE-7K/TUM/TUM-TCGA-KFTNHWTG.tif,8,TUM
/kaggle/input/datasets/youssefnouiouar1/colorectal-cancer-histology-nct-crc-he-100k-and-7k/CRC-VAL-HE-7K/CRC-VAL-HE-7K/TUM/TUM-TCGA-WKNQSFRR.tif,8,TUM
/kaggle/input/datasets/youssefnouiouar1/colorectal-cancer-histology-nct-crc-he-100k-and-7k/CRC-VAL-HE-7K/CRC-VAL-HE-7K/TUM/TUM-TCGA-RNHQAAKW.tif,8,TUM
/kaggle/input/datasets/youssefnouiouar1/colorectal-cancer-histology-nct-crc-he-100k-and-7k/CRC-VAL-HE-7K/CRC-VAL-HE-7K/TUM/TUM-TCGA-TPRWQIFM.tif,8,TUM
/kaggle/input/datasets/youssefnouiouar1/colorectal-cancer-histology-nct-crc-he-100k-and-7k/CRC-VAL-HE-7K/CRC-VAL-HE-7K/TUM/TUM-TCGA-WCFYDRYL.tif,8,TUM
/kaggle/input/datasets/youssefnouiouar1/colorectal-cancer-histology-nct-crc-he-100k-and-7k/CRC-VAL-HE-7K/CRC-VAL-HE-7K/TUM/TUM-TCGA-GQVRHEHI.tif,8,TUM
/kaggle/input/datasets/youssefnouiouar1/colorectal-cancer-histology-nct-crc-he-100k-and-7k/CRC-VAL-HE-7K/CRC-VAL-HE-7K/TUM/TUM-TCGA-GVIPWAYQ.tif,8,TUM
/kaggle/input/datasets/youssefnouiouar1/colorectal-cancer-histology-nct-crc-he-100k-and-7k/CRC-VAL-HE-7K/CRC-VAL-HE-7K/TUM/TUM-TCGA-YQVQDQKV.tif,8,TUM
/kaggle/input/datasets/youssefnouiouar1/colorectal-cancer-histology-nct-crc-he-100k-and-7k/CRC-VAL-HE-7K/CRC-VAL-HE-7K/TUM/TUM-TCGA-ECEEQIEN.tif,8,TUM
